,precip,cloud cover,solar radiation,humidity,pressure,UV index,temp min,temp max,solar energy,PV output
01/12/2018,5.14,83.1,10.5,88.1,1003.4,1,6.9,13,0.8,0.222
02/12/2018,1.091,85.2,18.8,87.6,997.3,1,11.5,14.9,1.6,0.594
03/12/2018,3.657,63.4,26.5,81.6,1001.1,2,6.9,13.4,2.1,0.758
04/12/2018,0.018,42.8,25.9,85.2,1020.6,1,2.4,8.4,2.2,0.566
05/12/2018,2.142,93.6,12,93.3,1014.2,1,6.4,13,1,0.17
06/12/2018,0.238,92.7,10.2,88.4,1013.6,1,10.5,13.1,0.8,0.24
07/12/2018,8.029,64.4,14.2,82.3,1003.9,1,7,13.5,1.2,0.433
08/12/2018,0.762,52.8,16.4,76.3,1002.4,1,7.6,11.6,1.5,0.59
09/12/2018,1.309,57.6,20.7,75.7,1009.2,1,6.1,10.9,1.8,0.856
10/12/2018,0,74.9,18.6,82,1026.6,1,5.5,9,1.7,0.605
11/12/2018,0.002,20,22.5,88.4,1025.1,1,2.7,9.7,1.9,0.515
12/12/2018,0.012,57.9,15.3,75.6,1021.7,1,3.5,7.9,1.3,0.642
13/12/2018,0.002,22.5,25.6,76.3,1018,1,1.8,5.4,2.2,1.01
14/12/2018,0,76.2,22.4,69.9,1022.9,2,1.8,4.1,1.9,0.798
15/12/2018,10.668,83.8,9.7,79.6,1012.4,1,1.6,6.9,0.8,0.151
16/12/2018,1.162,39.6,20.3,89.9,1006,1,3,9,1.8,0.233
17/12/2018,5.051,40.9,22.1,88.2,1016.1,1,4,10,1.8,0.425
18/12/2018,2.165,86.1,16.3,81.9,1009.2,1,7.9,10.9,1.4,0.341
19/12/2018,5.136,54.5,18.2,86.9,1004.6,1,6.5,9.5,1.5,0.616
20/12/2018,0.312,57.7,23.9,81.8,1006,1,6.5,10.1,2.2,0.456
21/12/2018,6.355,84.5,17.3,81.9,1001.3,1,9.1,13,1.5,0.306
22/12/2018,0.744,48.3,21.2,81.7,1015.3,1,7.9,11.5,1.9,0.734
23/12/2018,3.611,82.9,9.6,92.1,1017.8,1,7,13.1,0.9,0.149
24/12/2018,1.988,53.2,17.4,87.6,1031.8,1,3.3,8.1,1.5,0.538
25/12/2018,0.198,90.1,12.6,91.2,1034.4,1,1.6,8.5,1.1,0.584
26/12/2018,0.013,89,14.4,90.5,1030.6,1,5.1,9.5,1.1,0.518
27/12/2018,0,59,24.8,94.5,1026.5,1,3.9,8.5,2.2,0.271
28/12/2018,0.006,92.9,16.4,86.8,1030.5,1,5.9,10,1.4,0.362
29/12/2018,0,84,14.9,88,1032.4,1,7.4,12.5,1.3,0.248
30/12/2018,0.189,97.7,8.6,93.6,1035.2,0,6.8,10.5,0.6,0.679
31/12/2018,0,99.9,9.1,82.8,1035.7,0,8.3,10.1,0.7,0.511
01/01/2019,0,84,21.1,74.6,1035.6,1,6.3,10.9,1.7,0.436
02/01/2019,0,92.8,19.9,69.6,1043,1,5,6.5,1.7,0.835
03/01/2019,0,95.6,16.1,67,1043.2,1,3.8,5.5,1.4,0.737
04/01/2019,0,89,26.3,70.9,1042.3,1,2.2,4.8,2.4,0.747
05/01/2019,0,100,8.9,74.6,1039.1,1,3.9,5.9,0.8,0.55
06/01/2019,0,96.1,21.2,79.1,1036.8,1,5.5,10,1.7,0.54
07/01/2019,0,93.1,12.8,82.1,1032.3,1,7.9,11.1,1.2,0.345
08/01/2019,0,44,29.3,67.3,1028.1,2,5.1,9.8,2.7,0.88
09/01/2019,0,56.9,27.3,74.7,1029.6,1,3.5,6.4,2.4,0.957
10/01/2019,0,89.1,17.8,84,1030.6,1,2.3,5.7,1.6,0.426
11/01/2019,0.04,89.7,24.9,80.1,1030.2,1,6.5,8.9,2.1,0.512
12/01/2019,0,93.8,12.9,78,1023.1,1,7.4,10.4,1,0.224
13/01/2019,0.028,87.6,21.6,75,1014.3,1,9.5,11.9,2,0.541
14/01/2019,0,73.1,23.8,68.5,1020.3,1,5.8,9.5,2,0.504
15/01/2019,0,88.2,20.4,81.1,1019.4,1,3,9.4,1.9,0.38
16/01/2019,3.058,83.9,8.7,89.3,1006,0,4,9.5,0.6,0.348
17/01/2019,0.608,47.6,44.4,73.5,1011.3,3,1,5,3.9,1.226
18/01/2019,0,80.7,35.1,72.5,1016.5,2,-0.6,6.9,3.1,0.408
19/01/2019,0.012,89,12.2,79,1010,1,2.6,5.4,1,0.425
20/01/2019,0,43.8,28.7,77.1,1017.9,2,0.4,5.4,2.4,1.365
21/01/2019,0.01,76.1,30.3,83.8,1021.3,3,-1.2,5.9,2.6,1.067
22/01/2019,1.466,64,36.4,87,1002.1,3,1.1,6,3.1,0.985
23/01/2019,1.886,80.5,25.7,84,1002.6,1,-0.7,2.6,2.3,1.198
24/01/2019,0.735,89.9,14.9,91.9,1011.7,1,-1.7,4.8,1.2,0.722
25/01/2019,1.173,76.9,22.5,91.3,1014,1,2.2,12,1.9,0.739
26/01/2019,0.431,84,34.4,86.2,1002.6,2,6.6,10.4,2.8,0.511
27/01/2019,5.489,73.2,31.2,74.9,991.8,2,3.9,8.4,2.6,1.055
28/01/2019,0,17.5,62.9,65.8,1005.8,3,-0.9,5.9,5.5,1.586
29/01/2019,0.006,82,37.1,79.5,1000,2,-1.2,6.4,3.1,0.383
30/01/2019,4.948,35.7,63.8,83,995.8,3,-1.4,4.6,5.4,1.285
31/01/2019,0.187,65.6,44.6,85.5,991.5,3,-2.7,4,3.8,1.112
01/02/2019,6.057,90.9,12.1,91.7,987.7,1,1,2.9,1,0.503
02/02/2019,6.291,73.5,42.3,77.7,1006.8,3,1.5,4.9,3.5,1.008
03/02/2019,0,49.7,72.4,75.9,1023,4,-2.3,5.9,6.2,1.823
04/02/2019,5.538,87.8,14.6,91.2,1018.7,1,6,8.6,1.2,0.114
05/02/2019,0.192,97.9,17.1,93,1023.2,1,6,8.4,1.4,0.374
06/02/2019,4.143,84.1,39.4,90.2,1016.4,2,7.6,10.9,3.4,0.967
07/02/2019,3.321,60.9,62.2,73,1006.2,4,6.5,10,5.4,1.509
08/02/2019,4.496,83.4,13.4,85.6,999.3,1,8,10.9,1.3,0.23
09/02/2019,0.995,58.1,62.2,70.3,1000.5,4,7,10.4,5.5,1.439
10/02/2019,0.741,63.8,27.7,83.5,997.8,1,4.1,7.6,2.2,0.897
11/02/2019,0,63,71.2,74.8,1023.4,4,1.9,8.9,6.1,2.033
12/02/2019,0.002,67,66.7,81.2,1033.3,4,2.8,11.4,6,1.18
13/02/2019,0,72.8,67.2,82.9,1033.2,3,4.5,12,5.8,1.761
14/02/2019,0.005,25.7,92.5,78.6,1032,4,2.2,14.4,8.1,2.102
15/02/2019,0.182,21,93.1,76.4,1027.1,4,1.5,14.9,8.1,1.982
16/02/2019,0,90,25.2,89.2,1022.8,1,4.5,12,2.1,1.029
17/02/2019,0.002,54,93.9,82.2,1016.1,4,5.4,14.6,8.2,1.884
18/02/2019,1.97,69.7,19.5,87,1015.5,1,5.8,10.8,1.7,0.69
19/02/2019,0.035,51.8,88.5,79,1018.7,5,3.5,11.8,7.7,1.471
20/02/2019,0,67.6,85.6,78.5,1020.1,3,6.9,12.1,7.3,2.214
21/02/2019,0,65.7,95.9,82.3,1026.4,5,7,14.9,8.2,2.194
22/02/2019,0.008,84.6,88.5,83.7,1034.6,4,6.5,16,7.6,2.135
23/02/2019,0.008,49.2,99.4,81.2,1033.9,4,7,16.9,8.5,2.319
24/02/2019,0.002,22.1,122.3,72.7,1035.6,5,4.3,15.8,10.7,2.624
25/02/2019,0,13.4,121.9,61.6,1036.2,5,4.1,19.1,10.4,2.759
26/02/2019,0,0,125.7,65.2,1032.5,5,3.8,19.6,10.9,2.799
27/02/2019,0.002,4.7,126,74.2,1024.9,5,3.4,18.5,10.7,2.488
28/02/2019,0.453,73,40.4,86.5,1016,2,5.8,12.4,3.4,0.983
01/03/2019,1.797,82.6,34.8,80.5,1018.1,2,8,11.1,3,1.077
02/03/2019,0.07,86.3,72.4,81.9,1010.1,4,8,14,6.3,2.45
03/03/2019,3.069,84.9,19.2,84.6,998.4,1,9.5,12.4,1.7,0.678
04/03/2019,6.881,66.2,85.8,76.4,994.4,4,4.5,10.1,7.4,2.245
05/03/2019,0.014,53.8,105.6,76,1002.5,5,3.8,11.5,9.1,2.126
06/03/2019,1.448,86.5,34.5,82.5,989.8,1,9.1,12.5,2.9,1.365
07/03/2019,0.271,72.5,92.6,73.5,992.6,4,6,11.9,7.8,2.351
08/03/2019,0.834,69.9,70.1,80.3,1009.8,4,4,10.1,6.1,1.414
09/03/2019,1.053,75.3,78,69.8,1012.2,4,7.5,13.9,6.6,2.511
10/03/2019,3.332,64,110.2,74.7,1009.1,5,2.6,10.5,9.6,2.79
11/03/2019,2.977,47.2,134.6,61.2,1022.9,5,3.1,10.9,11.6,3.477
12/03/2019,8.558,73.4,21.8,83.9,1007,1,4.4,9.4,1.9,0.641
13/03/2019,0.175,78.9,71.8,64,1008,3,5.9,11.4,6.2,3.03
14/03/2019,2.668,75.5,103.8,72.6,1006.1,6,7.1,14.9,8.8,2.453
15/03/2019,4.146,86.1,68.6,80,1007.3,3,9.5,14.5,6.1,1.992
16/03/2019,0.255,91.3,43.5,80,1002.5,2,8.5,12,3.8,1.956
17/03/2019,5.975,50.5,129.4,73.7,1005.3,6,4.9,9.4,11.1,2.763
18/03/2019,0.521,70,97.4,75.7,1020.5,4,4.1,11,8.6,1.704
19/03/2019,0.687,87.1,67.9,84.6,1027.3,4,6.1,12.6,5.9,2.22
20/03/2019,0,95.6,45.4,80.9,1032.3,2,9.4,12.9,3.9,1.49
21/03/2019,0,98.3,57.6,79.8,1033,2,9.5,14,5,1.998
22/03/2019,0,97,30.4,79.8,1028.9,1,9,11.5,2.7,1.621
23/03/2019,0.006,79.1,102.1,70.9,1031.4,5,6.8,13.4,8.8,2.237
24/03/2019,0,24.3,188,64.4,1030.6,7,4.3,14.5,16.2,4.176
25/03/2019,0.006,28,212,59,1031.4,8,6.2,12.9,18.3,4.369
26/03/2019,0,44.4,170.5,67.8,1032.8,7,2.8,13.3,14.7,3.692
27/03/2019,0,80.7,103.7,62.2,1034.4,5,5.8,12.6,8.9,4.134
28/03/2019,0,64.6,131.4,59.7,1035.2,5,8,15.1,11.2,4.199
29/03/2019,0,2.6,197.8,67.4,1029.1,7,3.8,17.5,16.8,4.331
30/03/2019,0,41.8,183.2,66.4,1021.3,6,6.3,18.5,15.8,3.92
31/03/2019,0.012,61,119.8,69.5,1024.3,5,6.4,12.5,10,2.585
01/04/2019,0,40.8,204.5,68.5,1019.8,7,4.5,14,17.7,4.545
02/04/2019,0.709,64.9,67.4,85.4,1004.9,3,3.6,8.3,5.9,1.511
03/04/2019,0.875,56.8,142.8,74.4,999,7,3,8.9,12.2,2.389
04/04/2019,0.885,72.4,96.4,75.6,995.2,3,2.4,9.9,8.4,2.827
05/04/2019,0.066,77.1,130.2,60.3,1001.7,6,7,13.6,11.2,3.406
06/04/2019,0.006,83.6,63.7,79.9,1005.4,3,7.3,10.5,5.5,3.527
07/04/2019,0.181,90.2,51.3,87.4,1008.1,2,7,11.5,4.4,2.51
08/04/2019,0.824,97.7,62.3,85.5,1010.9,2,7.9,12.6,5.2,2.649
09/04/2019,1.257,92.2,35.8,83.8,1013.9,2,7.5,11.9,3,2.569
10/04/2019,0,47.9,231.8,62.3,1019.3,7,5.4,12.4,20.1,5.254
11/04/2019,0,21.5,235.4,59.3,1025.7,7,2.8,11.9,20.3,5.363
12/04/2019,0,56.3,119.2,58.6,1027,5,2.7,10.4,10.2,4.745
13/04/2019,0.207,52.6,145.2,64.1,1027.3,5,1.9,8.9,12.6,4.229
14/04/2019,0.006,48.6,156.4,62.2,1025.5,5,1.7,10.3,13.5,4.066
15/04/2019,0,75.8,214.6,62.3,1020.4,7,5.4,13.5,18.6,4.895
16/04/2019,0.497,91.3,95.4,71.4,1015.1,3,6.9,16.9,8.1,2.603
17/04/2019,0,58.3,195.9,68.2,1019.3,6,7.7,19,16.9,4.357
18/04/2019,0,62.8,209,66.2,1023.1,7,8.4,20.5,18.1,3.896
19/04/2019,0,48.7,240.6,52.8,1028,7,9.8,23.5,20.8,5.035
20/04/2019,0,6.7,253.3,51.6,1029.6,8,9.9,24,21.8,5.378
21/04/2019,0,0.8,253.8,47.6,1020.6,8,10.1,22.7,21.9,5.461
22/04/2019,0,55.1,221.4,51.9,1006.5,7,9.7,24.1,19,4.825
23/04/2019,0,74.4,139.7,58.2,997.4,5,12.4,20.5,12,4.378
24/04/2019,0.405,83,126.3,68.6,994.2,5,10.3,18.4,10.7,3.918
25/04/2019,0.385,62.3,181.7,67.5,999.2,9,9.8,16.4,15.7,3.858
26/04/2019,0.039,63.2,132,72.3,1009,5,7.3,16,11.4,4.445
27/04/2019,0.45,79.3,101.8,62.4,1009.6,3,8,12.1,8.8,3.749
28/04/2019,0.2,88.5,144.6,63.7,1019.6,6,7.6,13.6,12.3,4.901
29/04/2019,0,81.9,147.6,72.4,1025.9,5,6.7,14.9,12.6,5.393
30/04/2019,0,58.1,272.7,70.7,1024.6,10,7.2,16.6,23.4,5.874
01/05/2019,0,76.8,174,70,1018.5,6,6.9,17.1,15.1,3.835
02/05/2019,1.805,68,150.6,70.8,1014.3,6,10,16.3,13.2,4.407
03/05/2019,4.403,80.1,98.5,79.8,1014.7,4,7.4,13.5,8.4,3.837
04/05/2019,1.169,58.2,248.2,64.9,1019.1,9,5.5,10.9,21.2,4.493
05/05/2019,0.026,60.8,166,59.2,1025.8,6,4.6,11.5,14.2,5.69
06/05/2019,0,90.9,127.3,54.4,1022.1,4,6,12.8,10.9,5.225
07/05/2019,0,87.1,177.6,55.1,1014.6,7,6.8,15.5,15.5,4.67
08/05/2019,9.11,79.7,102.5,80.1,995,6,8.9,15,8.8,3.79
09/05/2019,5.39,74.9,106.1,85.3,997.1,3,7.1,14.3,9.3,4.244
10/05/2019,1.935,66.4,182.1,72.3,1008.6,8,6,16,15.7,4.397
11/05/2019,0.87,69.8,179.7,71.2,1019.1,6,9,15,15.7,4.228
12/05/2019,0.115,31.5,229.6,61.2,1035.6,6,5.4,16.6,19.8,6.206
13/05/2019,0,47.5,306.9,60.3,1039.4,8,5.9,17,26.5,6.427
14/05/2019,0,35.1,304.6,57.6,1034.2,8,7.7,17.6,26.6,6.543
15/05/2019,0,56.7,288.7,60.8,1026.7,8,7.4,19.1,24.9,6.382
16/05/2019,0,40.2,225.9,58.2,1019.3,7,8,17.4,19.4,6.437
17/05/2019,0.023,85.5,56,77.2,1009.4,3,9.5,14.9,4.6,2.787
18/05/2019,0.521,82.2,133.2,75.3,1006.7,6,9.2,18.2,11.5,4.745
19/05/2019,0.177,82.7,91,75.6,1009.6,3,9.3,17.6,7.9,3.784
20/05/2019,0.171,83.4,145.8,65.7,1012.5,6,12.4,19,12.8,4.844
21/05/2019,0,23.5,297.6,53.8,1017.9,8,10.7,20,25.7,6.625
22/05/2019,0,61.6,230.3,46.8,1019.7,7,11.7,20.9,19.8,4.978
23/05/2019,0,63.8,269.7,49.6,1016.5,8,10.3,23.5,23.3,5.294
24/05/2019,0,51.9,213.7,59.1,1017,8,12.3,21.9,18.2,5.822
25/05/2019,0.867,84.2,183.5,59.4,1018.2,6,14,22.9,15.8,5.805
26/05/2019,0.031,84.2,141.8,70.4,1013.7,5,14.6,20.4,12.2,4.34
27/05/2019,0.01,75.9,163,63.3,1010.6,6,10.3,18.3,14,5.366
28/05/2019,0.388,72.5,159.1,66,1012.3,5,10.3,16.8,13.6,5.422
29/05/2019,0.834,82.9,115.2,78.7,1018.7,4,10.4,15.8,9.9,4.556
30/05/2019,0.023,86.2,173.2,69.6,1020.7,7,14.9,23,14.9,5.641
31/05/2019,0,75.4,155,67.4,1023.7,4,14.4,19.4,13.6,5.412
01/06/2019,0,65.6,280.6,60,1019.6,8,11.7,26.4,24.2,5.27
02/06/2019,0.002,73.6,227.7,61.1,1010.4,8,16.5,26.7,19.7,4.548
03/06/2019,0,58.1,179.7,59.6,1012.4,7,11.4,19.5,15.6,5.295
04/06/2019,0.52,80.2,70.7,79.1,1006.6,2,11.3,16.8,6.5,4.13
05/06/2019,0,74.4,172.3,66,1005.8,5,12.6,18.9,14.9,4.276
06/06/2019,0.701,42.4,248.5,59,1010.1,7,9.4,18.9,21.3,6.6
07/06/2019,2.373,83,101.7,74.6,1003,6,12.9,18,8.6,2.622
08/06/2019,5.1,67.5,204,68.6,1010.6,8,11.1,18.8,17.5,4.652
09/06/2019,0.063,74.2,209,64.5,1020.5,7,9.8,18.7,18.2,5.364
10/06/2019,22.739,95.3,38.2,88.2,1015,2,10,14.1,3.2,1.798
11/06/2019,8.26,87.9,151.6,82.9,1011.4,5,11.5,18.2,13,4.207
12/06/2019,4.442,91.8,115.9,84.5,1009.9,6,11.5,16.3,10.1,2.036
13/06/2019,5.196,86.5,55.2,86.2,1005.9,2,11.6,14.5,4.7,3.664
14/06/2019,1.272,69.8,171.8,75.3,1010.1,5,12.6,18.4,14.7,6.105
15/06/2019,0.034,74.9,164.6,73.6,1012.8,7,12.3,18.3,14,5.808
16/06/2019,0.946,64,193.8,75.6,1016.6,7,10.3,19.4,16.8,6.101
17/06/2019,0,62.9,265.8,64.6,1017.6,8,12.5,21.4,22.9,6.736
18/06/2019,3.795,84.8,110.8,77.6,1014.2,4,12.3,18.9,9.5,4.018
19/06/2019,2.919,89.5,102.2,83.8,1008,4,14,19.4,9,3.917
20/06/2019,1.039,75.3,194.1,69.7,1012.4,6,13.4,18.9,16.6,6.053
21/06/2019,0,48.9,254.7,62.3,1019.2,8,10.3,19.9,22,6.755
22/06/2019,0,40.4,278.2,59.8,1021.1,9,10.9,21.6,24.1,6.858
23/06/2019,0,75.6,139.9,71.2,1017.1,5,13,23.9,11.9,4.111
24/06/2019,0,84.4,105.8,73.7,1015.5,3,17.5,24.5,9.1,3.3
25/06/2019,7.509,92.2,108.4,85.2,1018.7,4,17.6,23,9.3,4.608
26/06/2019,0.051,93.7,172.5,80.6,1027,7,15.4,21.1,14.9,6.038
27/06/2019,0,46.8,313.1,68.2,1028.8,8,13.5,23,27.1,6.74
28/06/2019,0,49.1,299.6,70.5,1024.6,8,14.3,22.1,25.8,6.557
29/06/2019,0,26.7,310.9,62,1015.4,8,15,33.1,26.8,6.339
30/06/2019,0,36,210.3,62.9,1015.7,6,15.8,24.3,18,6.697
01/07/2019,0,41.8,206.6,61.9,1020.1,9,13.9,21.3,17.8,6.821
02/07/2019,0,34,235,58,1024.9,6,11.8,21,20.4,6.763
03/07/2019,0,40.4,269.2,58.4,1026.6,8,13.7,22.8,23.2,6.736
04/07/2019,0,42.1,314.7,54.5,1025,8,12.2,26,27,6.308
05/07/2019,0,65.2,250.1,52.7,1018.8,8,17.3,25.5,21.5,5.94
06/07/2019,0,63.7,188.1,63.8,1013.7,7,16.1,23.2,16.3,4.733
07/07/2019,4.614,80.5,152.4,74.7,1016.6,6,14.2,21,13.4,3.116
08/07/2019,0.092,82.7,171.1,57.3,1020.7,7,14.4,22,14.5,4.774
09/07/2019,0,93.5,154.9,61.3,1021.1,6,15.4,23.9,13.2,4.388
10/07/2019,0,85.1,175,63.4,1018.3,6,17.3,24.9,15.1,3.952
11/07/2019,0,79.5,245.5,56.1,1013,9,16.9,25.5,21.3,5.876
12/07/2019,0,63.2,216.8,58.9,1014.8,6,17.5,25.3,18.7,5.521
13/07/2019,0,67.7,179.4,65.3,1021.5,5,15.4,22.1,15.4,5.408
14/07/2019,2.663,65.9,144.3,71.9,1023.2,5,14.5,21.5,12.7,4.949
15/07/2019,0,60.8,197.5,65.1,1022.7,9,12.9,21.9,17,6.433
16/07/2019,0,39.5,252.2,59.5,1019.3,8,12.4,26.4,21.7,6.261
17/07/2019,0,73.2,212.1,60,1014.4,7,13.8,25.1,18.5,4.094
18/07/2019,1.335,69.8,140.5,68.9,1010.5,5,16.3,23,12.2,4.396
19/07/2019,5.907,89.4,70.6,80.7,1011.5,2,13.3,19,6.1,3.472
20/07/2019,14.761,62.7,209.8,74.4,1008.6,8,16.2,24,18.2,5.69
21/07/2019,0,62.5,184.7,68.3,1020.1,5,13.5,23.4,16.1,5.355
22/07/2019,0,66.5,225.9,73,1021.7,8,16.9,26.5,19.5,5.756
23/07/2019,0,16.5,291.6,64.4,1017.8,8,16.5,32.1,25.2,5.975
24/07/2019,0.086,61.3,287.7,53.8,1012,8,21,32.3,25,5.853
25/07/2019,0.193,35.7,231.3,50.1,1010.5,8,20.5,36.1,20.1,5.486
26/07/2019,1.419,84.1,101.8,71.7,1010.6,4,19.2,25.4,8.9,3.926
27/07/2019,14.528,90.4,53.8,86.7,1007.2,2,15.7,20.7,4.4,2.051
28/07/2019,0.009,81.9,147.7,69.7,1005.9,6,16.3,22.2,12.7,4.957
29/07/2019,0,44.5,276,60.9,1008.9,8,13.4,25,23.6,5.855
30/07/2019,2.947,64.3,79.7,77,1005.3,3,17.2,20.6,6.9,5.081
31/07/2019,0.405,79,162.3,66,1012.1,5,16.5,22.6,13.9,5.516
01/08/2019,0,73.6,195.1,65.2,1017,8,15.1,24.8,16.7,5.425
02/08/2019,0,57.3,181.2,67.2,1019.1,7,16,25,15.7,5.526
03/08/2019,0,64.5,184.4,68.1,1019,6,16.2,23.6,15.9,3.294
04/08/2019,0,80.3,134.1,68.4,1013.7,4,16.3,25.6,11.6,2.776
05/08/2019,0.745,65.5,180.4,69.4,1009.9,8,16.4,24.9,15.4,5.189
06/08/2019,0,61.8,149.7,69.9,1008,5,15.5,23,13.1,4.851
07/08/2019,2.02,51.6,158.5,72.5,1006.7,5,14.9,22.5,13.6,5.257
08/08/2019,0.004,68.2,177.8,69.4,1009.8,6,14,23.4,15.3,4.879
09/08/2019,3.984,70.7,157.3,76.6,1001.3,7,18,24.5,13.6,4.016
10/08/2019,1.563,61.7,159.9,72.7,1003.8,6,16.9,22,13.8,5.34
11/08/2019,0.037,44.1,199.9,66.1,1011.2,6,15,22,17.2,5.467
12/08/2019,4.516,69.7,107.2,80.6,1014.5,6,13.1,17.8,9.4,2.489
13/08/2019,0,40.3,258.5,62.8,1017.5,9,10.5,21.4,22.4,5.197
14/08/2019,13.387,86.6,43.1,88.6,1012.9,1,14.1,17.5,3.6,2.488
15/08/2019,0.424,59.2,205.4,69.6,1011.9,7,15,22.5,17.7,5.419
16/08/2019,1.208,87.3,65.9,83.3,1011.9,3,13,18.4,5.8,2.131
17/08/2019,2.255,63.8,201.3,75.1,1004.6,8,16,22.8,17.4,4.694
18/08/2019,2.913,74.9,172.5,74.8,1005.3,8,14.4,21.1,14.9,4.961
19/08/2019,6.47,34.2,193.6,70.5,1013.8,7,12.9,20.1,16.8,4.654
20/08/2019,0.006,27.1,229.9,63.5,1022.5,7,11.4,20.6,19.9,5.383
21/08/2019,0,48.9,199.7,66.1,1026.6,8,10.9,22,17.1,4.659
22/08/2019,0,63.9,214.5,69.4,1024.8,7,12.5,23.4,18.6,5.167
23/08/2019,0,49.4,243.7,70.9,1024.2,7,13.5,26.2,21,4.896
24/08/2019,0,56.8,235.4,63.3,1019.3,8,14,29.1,20.3,4.572
25/08/2019,0,26.3,231.1,58.7,1017.8,7,16.9,32.1,19.9,4.723
26/08/2019,0,12.4,237.6,58.2,1017.6,7,16.4,32.4,20.5,4.806
27/08/2019,0.002,37.5,215.9,61.5,1014.3,7,17.3,32.1,18.7,4.348
28/08/2019,0.063,82,144.3,65.5,1013.7,6,18.5,24.4,12.6,3.714
29/08/2019,0.025,57.8,200.6,65,1019.3,7,12.9,23,17.3,4.585
30/08/2019,0,61.5,183.1,69.4,1020.7,6,14.3,24,15.8,4.243
31/08/2019,0.02,53.9,166.2,72.4,1012.8,7,13.1,23,14.4,4.164
01/09/2019,0,46.4,189.5,57,1017.7,6,12.3,20.4,16.6,4.683
02/09/2019,0,54.4,176.5,62.1,1023.6,7,8.9,20.7,15.2,4.122
03/09/2019,0,82.8,113,67.2,1022.8,5,15,20.9,9.6,4.063
04/09/2019,5.82,61.4,187.8,69.6,1015.7,8,14.5,20.7,16.2,4.44
05/09/2019,0,44.2,191.4,58.6,1024.5,7,12,18.4,16.6,4.804
06/09/2019,0.191,71.3,69,76.1,1022.6,3,10.8,18,5.9,1.508
07/09/2019,0,70.7,106.7,64.3,1023.1,4,11.5,18,9.2,4.337
08/09/2019,0,38.7,188.6,63,1023.7,7,8.7,18,16.4,4.428
09/09/2019,0.489,92.3,50.4,74.3,1013.9,2,12.1,15.5,4.1,1.36
10/09/2019,0,71.3,139.2,72.9,1018.4,6,11.3,19.4,11.9,3.804
11/09/2019,0.014,83.9,40.8,76.1,1020.1,2,13.5,20.5,3.5,2.943
12/09/2019,0.012,67.1,74.6,76.8,1026.8,3,13.4,24.9,6.3,3.973
13/09/2019,0.004,45.7,208.8,61.2,1033.6,7,14,21.9,18,4.244
14/09/2019,0,21.3,198.4,62.3,1032.5,7,9.7,23.4,16.9,4.357
15/09/2019,0,46.9,192.1,68.4,1024.5,6,10.7,26,16.5,3.906
16/09/2019,0.191,89.5,49.2,80.5,1022.1,2,16.4,19.9,4.2,2.142
17/09/2019,0,25.2,194.6,60.3,1025.1,7,10.8,19.1,16.9,4.21
18/09/2019,0,7.2,188.5,59.2,1029.5,6,8.7,19.5,16.2,4.134
19/09/2019,0,11.7,181.3,68.5,1030.9,6,8.7,21.9,15.7,3.961
20/09/2019,0,11.3,185.7,67.1,1025.6,6,10.3,20.7,16.1,4.003
21/09/2019,0,24.5,176.8,57.6,1012.8,6,12.8,23.3,15.2,3.875
22/09/2019,0.548,72,49.1,78.2,1004.5,2,15.4,22.3,4.3,1.689
23/09/2019,0.774,72.3,88.2,79,1009.8,4,14.4,20.3,7.5,3.026
24/09/2019,39.502,78.4,77.9,90.4,1002.1,5,15,19.9,6.7,1.553
25/09/2019,5.072,79.5,96.8,83.2,1000.5,4,15,20.5,8.4,2.635
26/09/2019,4.668,66.9,66.9,82.3,1002.9,3,14.4,20,5.5,2.819
27/09/2019,3.963,46.1,101.6,82,1004.1,4,13.4,17.6,8.8,2.425
28/09/2019,0.045,70.7,65.3,77.7,1008.3,3,12.4,18.6,5.6,3.083
29/09/2019,7.311,81.8,56.7,87.1,997.9,3,13.5,19,4.8,2.546
30/09/2019,1.374,75.1,63.7,85,1009,3,10.1,17.5,5.5,2.313
01/10/2019,23.181,71.7,84.9,87.7,1000,4,11.5,19.4,7.2,2.407
02/10/2019,3.286,32.4,126,66.8,1017,6,7.8,14,10.7,3.535
03/10/2019,0.002,81.8,56.5,79.7,1017.3,2,4.4,13.6,5,1.994
04/10/2019,1.268,66.7,50.8,86.3,1005.4,2,11.5,15.5,4.1,2.361
05/10/2019,0,91.8,52.6,79.4,1013.8,2,12.3,15.5,4.7,2.156
06/10/2019,5.273,69.8,89.5,78.6,1011,4,12.1,17.3,7.6,2.684
07/10/2019,0.259,87.9,39.7,86.5,1014.5,2,10.5,15.4,3.3,1.626
08/10/2019,3.786,58.8,83.3,83.2,1007.2,4,11.1,16.6,7,2.777
09/10/2019,0.03,69.8,112.1,73.7,1005.4,4,10.5,15.5,9.6,1.574
10/10/2019,0.008,51.2,102,78.1,1011,5,9,16.5,8.8,2.268
11/10/2019,3.098,86.5,32.4,86.6,1006.8,2,12.5,16.9,2.8,1.167
12/10/2019,12.529,91.6,27.6,93.7,1008.1,1,10.9,12.6,2.2,1.158
13/10/2019,9.4,77.6,34.6,87.3,1004.5,2,10.9,17.3,3.1,1.162
14/10/2019,2.772,93,17.9,91.7,1006.1,1,10.9,15.6,1.6,0.424
15/10/2019,1.256,72.5,77,83.7,1003.9,4,11.1,16.9,6.6,1.753
16/10/2019,1.547,81.7,64.6,82.2,1003.2,3,8.7,16.2,5.6,0.926
17/10/2019,3.987,60.1,53.9,85.9,1005.7,2,8.5,14.6,4.5,1.827
18/10/2019,7.094,57.3,80.6,80.8,999.7,4,9.6,15.4,6.8,1.937
19/10/2019,1.613,42.6,87,82.7,1000.8,4,7.5,14.5,7.5,2.337
20/10/2019,0.174,68.8,62.9,86.6,1010.1,3,5.8,12,5.5,1.204
21/10/2019,1.349,86.7,34.6,83.1,1018.1,1,11,13,3.1,1.483
22/10/2019,0.002,39.9,102.3,80.8,1023.4,4,6.5,15.1,8.8,2.256
23/10/2019,0.18,76.9,41.2,89.8,1014.2,2,5.7,14.5,3.6,1.589
24/10/2019,15.007,86.7,13,94.9,1005.4,1,10.4,12.9,1.1,0.575
25/10/2019,0.25,83.1,31.9,86.2,1011.5,1,9.6,16.6,2.7,1.458
26/10/2019,3.261,93.3,15.5,83.2,1008.2,1,7.6,16.9,1.4,1.292
27/10/2019,0.555,53.2,78.8,76.9,1023.1,4,4.9,12.3,6.9,2.193
28/10/2019,0.021,71.7,66.3,81.7,1025,4,3.2,10.5,5.6,1.235
29/10/2019,0,90.5,41.3,74.7,1025.1,2,7,11.5,3.5,1.388
30/10/2019,0,82.6,80.3,71.6,1024.1,4,8.4,12.5,6.9,1.791
31/10/2019,0,68.3,68.2,80.5,1018.9,3,7,11.6,5.7,1.345
01/11/2019,1.245,95.2,21.7,92.5,999.3,1,9.1,15.6,1.7,0.705
02/11/2019,3.584,71.7,23.2,80.3,981,2,10.1,14.9,2,0.435
03/11/2019,0.435,64.2,39,86.5,981.8,3,6.8,12.3,3.3,1.362
04/11/2019,2.921,59.7,36.9,90.6,984.2,2,7.3,12,3,0.851
05/11/2019,0.117,84.4,23.4,88.8,997,1,7.2,12.8,2,1.102
06/11/2019,0.56,71.9,45.4,81.7,1003.7,3,3.5,9.1,3.8,0.613
07/11/2019,7.852,49.1,65.6,81.5,993,3,3.9,10.3,5.6,1.386
08/11/2019,0.182,73.1,30.1,88.6,1006.2,1,1.4,8.9,2.6,0.606
09/11/2019,7.159,74.1,26.9,91.2,1006.2,2,1.8,8,2.4,0.724
10/11/2019,2.857,61.5,47,82.8,1010.6,2,5.1,10.4,4.1,1.621
11/11/2019,3.909,56.3,33.9,78.2,1002.4,2,5,9.5,2.9,0.807
12/11/2019,1.935,65.6,31.5,81.3,999,2,3.5,8.1,2.8,0.93
13/11/2019,0.002,54.5,29.3,83.1,998.4,2,3.6,9.4,2.4,1.003
14/11/2019,2.083,72.2,42.7,85.6,995,3,4,8.7,3.7,0.641
15/11/2019,0.695,87.4,23.6,85.8,1003,1,4.9,9,2,0.525
16/11/2019,1.486,85.2,28.6,81.9,1006.1,2,4.5,8.8,2.6,1.211
17/11/2019,0.004,84.8,34.1,86.2,1011.2,2,2.8,8.9,3,0.809
18/11/2019,0.555,52.5,36.4,79.6,1015.8,2,2.2,8.9,3.3,0.911
19/11/2019,0.005,71.1,22.5,89.3,1017,1,-0.2,7,1.9,0.771
20/11/2019,0,72.8,37,76.8,1012.2,2,3.6,7.6,3.3,0.909
21/11/2019,0,97.7,10.5,87.7,1003.4,0,3.6,6.6,0.9,0.291
22/11/2019,5.04,76.2,19.3,89.4,995.5,1,6.6,9.6,1.7,0.56
23/11/2019,0.978,89.5,10.6,88.1,993.8,1,8.4,11.4,0.9,0.13
24/11/2019,0.267,90.7,13.6,91.6,1003.1,1,7.6,11.4,1.1,0.446
25/11/2019,1.103,89.1,13.3,92.2,1002.3,1,9.1,11.6,1.1,0.236
26/11/2019,1.161,80.2,16.1,90.5,995,1,10.5,13.4,1.4,0.403
27/11/2019,11.47,80.1,21.9,91.8,984.1,1,9.5,12,1.8,0.458
28/11/2019,0.801,90.7,20,87.1,995.5,1,7.4,10,1.6,0.401
29/11/2019,0.46,34.2,30.6,82.5,1015.6,2,3.1,7.5,2.6,0.841
30/11/2019,0.2,64.7,27.5,87.2,1021.6,1,1.7,7.4,2.3,0.982
01/12/2019,0.006,51.8,21.3,82.4,1023.5,1,3.3,7.5,1.7,0.966
02/12/2019,0.019,32.5,27.8,81.1,1031.1,1,-0.2,6.9,2.5,0.999
03/12/2019,0,65.1,28.8,83.4,1027.7,2,1.5,8.7,2.5,0.867
04/12/2019,0.051,22.2,26.3,90.1,1021.2,1,1.6,8.2,2.2,0.999
05/12/2019,0.119,77.6,26.9,88.6,1018.8,1,-0.1,10.4,2.1,0.297
06/12/2019,5.408,81,12.1,86.2,1006.4,1,8.5,13.1,1,0.532
07/12/2019,0,89.4,20.9,78.8,1012.2,1,7.1,11.1,1.7,0.9
08/12/2019,2.162,58.2,21.8,75.9,999.6,1,6.9,11.6,1.8,0.808
09/12/2019,0.82,40.7,24,70.7,1009.3,1,2.4,9.9,2,0.938
10/12/2019,0.585,91.6,7.2,87.5,1014.4,0,1.4,11.5,0.6,0.15
11/12/2019,3.933,36.7,20.1,84.2,1005.1,1,2.5,8.5,1.6,0.53
12/12/2019,6.24,70.1,9.3,91.3,989.3,0,0.9,9.1,0.7,0.108
13/12/2019,6.095,76.7,20.1,76.9,979.2,1,5.6,8.9,1.9,0.798
14/12/2019,2.064,52.9,17.3,74.9,989.6,1,4.6,9,1.4,0.798
15/12/2019,11.836,48.8,22.3,76.2,995.2,1,5.5,9.6,2,0.546
16/12/2019,3.607,88.4,18.9,88,1000,1,5.7,8.9,1.5,0.218
17/12/2019,4.762,84.3,13,92.3,1000.5,1,5.9,8,1.1,0.21
18/12/2019,0.029,63,20.3,89.6,1007.8,1,3,10.9,1.7,0.393
19/12/2019,9.499,83.1,14.9,83.6,996.4,1,10.4,13.5,1.3,0.122
20/12/2019,20.765,70.6,13.9,91.8,981.1,1,5.4,10,1.1,0.355
21/12/2019,4.303,70.5,15.8,89.7,979.2,1,6.5,10.1,1.4,0.572
22/12/2019,4.821,64.6,24.2,88,984.8,1,6.6,9.1,2,0.467
23/12/2019,0,54.9,22.8,80.8,1007.1,1,5.6,10.5,1.9,0.769
24/12/2019,1.351,63.6,21.3,84.3,1008.6,1,8,11.9,1.9,0.705
25/12/2019,0.002,39.7,20.6,81.7,1023.2,1,2.3,9,1.8,0.539
26/12/2019,3.924,85.2,12.4,88.9,1016.6,1,3.2,10,1.1,0.196
27/12/2019,0.15,91.6,11.5,86.3,1028.8,0,5.7,9.3,1.1,0.354
28/12/2019,0.026,97.4,6.9,85.9,1036.4,0,7.1,9.4,0.5,0.33
29/12/2019,0,83.6,21.8,84.4,1033.6,1,4.3,9.1,2,0.799
30/12/2019,0.185,61.5,20.3,92.3,1029.7,1,2.7,10.2,1.8,0.767
31/12/2019,0.012,94.4,9.7,91.4,1031.6,1,5.6,9.4,0.8,0.26
01/01/2020,0.01,92.7,8.2,88.7,1029.4,0,2.8,6.9,0.6,0.288
02/01/2020,0.01,93.5,14.3,86.4,1020.5,1,6.9,10.6,1.2,0.349
03/01/2020,1.132,68.6,21.8,80.7,1021.4,1,5.4,10.6,2,0.753
04/01/2020,0,78.3,21.9,78.9,1034.2,1,4,8.6,1.9,0.764
05/01/2020,0.002,95.6,15.4,80.8,1033.3,1,6.6,8.9,1.4,0.454
06/01/2020,0.432,84.8,20.5,80.2,1022.2,1,6.6,8.6,1.9,0.883
07/01/2020,0.215,85,22.9,90.2,1021.9,2,5,12.9,2.1,0.476
08/01/2020,0.195,89.9,18.2,84.5,1020.7,1,9.9,12.9,1.7,0.479
09/01/2020,6.556,71.8,18.4,84.6,1006.9,1,7,13.1,1.4,0.633
10/01/2020,0.086,72.4,21.1,76,1023.1,1,5.4,7.6,2,0.976
11/01/2020,0.001,87.7,16.4,78.8,1024.2,1,6.4,10.9,1.5,0.428
12/01/2020,1.257,61.8,25.6,80.3,1018.3,2,6,11.5,2.2,0.582
13/01/2020,0.228,69.5,23.8,84.5,1009.3,1,5.9,11.3,2.1,0.657
14/01/2020,6.55,83.8,13.8,86.8,996.2,1,7.9,13.1,1.1,0.338
15/01/2020,11.524,63.9,23.4,83.2,1006.8,2,6.6,12.5,2,0.543
16/01/2020,0.203,79.2,21.7,82.4,1014.5,1,6.6,12.5,1.8,0.65
17/01/2020,5.547,56.9,29,82,1012.5,2,3.5,10.6,2.6,0.599
18/01/2020,0.189,38.9,37.3,80.1,1027.9,2,1.1,7.6,3.3,1.225
19/01/2020,0.011,26.6,38.7,77.8,1044.3,2,1.3,7.4,3.4,1.285
20/01/2020,0.008,61.6,35.2,83.2,1047.8,2,1,7.2,3.2,1.178
21/01/2020,0.001,30.8,42.7,90.6,1041.9,2,-0.5,7.1,3.7,0.79
22/01/2020,0.042,95.4,11.6,91.8,1037.6,1,2.7,8.3,1,0.239
23/01/2020,0.008,99.5,9.5,83.6,1031.4,1,7,8,0.8,0.709
24/01/2020,0.017,97.3,9.9,87.7,1023.2,1,6.4,7,0.8,0.309
25/01/2020,0.008,99.3,14.2,86,1018.6,1,5.6,6.6,1.1,0.476
26/01/2020,2.065,81.8,23.6,88.3,1009.7,1,6.6,10.1,2,0.486
27/01/2020,7.217,74,18.4,87.7,999.8,1,5.1,9.4,1.4,0.478
28/01/2020,2.675,44.6,44.3,78.7,996,3,2.9,7.5,3.6,0.971
29/01/2020,0,49,61,76.3,1009,3,3,9.3,5.3,1.461
30/01/2020,0.065,91.2,13,88.3,1004.4,1,7.7,12.9,1.1,0.452
31/01/2020,0.004,89.9,25.4,86.7,1006.1,1,9.1,12.4,2.2,0.446
01/02/2020,0.989,58.6,44.7,72.7,1004.8,2,7.5,11.6,3.9,1.397
02/02/2020,1.483,86.3,31.7,81.1,1007.5,2,6.6,13.4,2.7,0.503
03/02/2020,0.195,56.2,38.9,73.6,1012.5,2,5.5,11.1,3.4,0.918
04/02/2020,0.018,52.1,29.7,70.1,1021.9,1,4.9,9.5,2.6,1.523
05/02/2020,0.008,61.7,48.3,77.5,1036.6,3,3.2,8.6,4.3,0.735
06/02/2020,0.185,34.2,55.8,84.6,1031.6,3,0.9,9.5,4.7,1.505
07/02/2020,0.027,46.1,69.4,82.8,1019.4,3,2.6,9.6,6.1,1.757
08/02/2020,1.941,68.3,59.2,77.1,1014.7,3,7.6,10.9,5.1,1.467
09/02/2020,11.15,88.4,12,80.3,994.5,1,9,12.9,1,0.314
10/02/2020,1.597,51,51.9,70.3,997.4,3,4,10,4.6,0.985
11/02/2020,3.648,31.7,71.3,60.4,1007.8,4,4,7.6,6.2,1.375
12/02/2020,0,49.9,74.4,72.4,1014.2,4,2.5,8.6,6.6,1.738
13/02/2020,2.716,67,41.1,82.1,998.8,3,5.6,9.9,3.4,1.369
14/02/2020,0.01,72.5,69.2,82.1,1016.5,3,2.5,11.9,6,1.151
15/02/2020,4.028,90.4,15,88,1006.4,1,10.1,12.9,1.2,0.648
16/02/2020,19.508,75.8,14.4,85.4,996,1,6.4,13.1,1.3,0.355
17/02/2020,1.25,56.1,59.6,69.8,1009.6,3,5.9,10.6,5.1,1.477
18/02/2020,1.838,54.9,63.5,77.2,1018.1,3,3.8,10.6,5.4,1.247
19/02/2020,5.378,69.5,29.9,82.4,1018.8,1,3.1,9.5,2.6,0.724
20/02/2020,4.678,70.6,29.3,81.8,1011.9,1,3.7,10.4,2.6,0.689
21/02/2020,0,79.2,51.8,72.8,1022.4,2,4,10.9,4.4,1.481
22/02/2020,0.217,87.9,59,70.7,1018.2,4,9.5,13.6,5.1,0.865
23/02/2020,0.572,85.7,49.9,73.9,1016.9,2,8,14.8,4.3,1.498
24/02/2020,7.279,85.6,18.8,83.5,1010.5,1,6.1,12,1.6,0.349
25/02/2020,0.644,57.9,62.6,75.3,1000.4,3,3.8,8.6,5.4,1.651
26/02/2020,0.23,51.8,76.8,68.5,1003.8,4,2,8.5,6.5,2.166
27/02/2020,6.21,58.8,64,73.4,1003.8,3,2.4,8.3,5.5,1.686
28/02/2020,3.337,84.2,17.5,85.2,1005.7,1,1.4,11.6,1.6,0.421
29/02/2020,6.797,60.1,84,76.7,986.3,5,5.1,11.1,7.3,1.843
01/03/2020,0.002,42.6,126.3,65,988.8,6,4.9,10.3,10.8,2.388
02/03/2020,0.684,52.1,87,74.7,990.3,4,4,9.8,7.3,2.563
03/03/2020,0.075,46.4,77.1,76.8,1002.5,5,2,9,6.6,1.879
04/03/2020,3.094,88,40.5,86.4,1007.5,2,1.9,8.5,3.5,1.146
05/03/2020,15.542,93.1,13.7,90.1,994.9,1,5.5,6.4,1.2,0.416
06/03/2020,2.046,45,127.3,69.4,1005.2,6,3,9.5,11.2,3.205
07/03/2020,0,79.3,65.5,80.7,1015,3,2,12.6,5.6,1.991
08/03/2020,2.334,62.3,84.4,76.3,1006,4,6.9,13,7.5,2.623
09/03/2020,1.272,66.5,77,79.2,1011.1,3,4.6,11,6.6,1.649
10/03/2020,5.15,89,47.7,84.7,1005,2,10.6,15.5,4.1,1.489
11/03/2020,0.199,71,119.7,77.2,1008.8,6,9,14.5,10.4,2.879
12/03/2020,0.722,41.1,121.9,62.5,1010,6,5,10.4,10.4,2.785
13/03/2020,0.008,73.1,109.2,65.2,1017.3,5,6.4,12.3,9.5,2.781
14/03/2020,2.755,85.7,79.4,80,1013.7,3,6.9,12.5,6.9,2.557
15/03/2020,0.776,87.2,34.7,81.1,1008.6,2,7.3,11.9,2.9,1.625
16/03/2020,0.212,33.4,174.7,68.6,1021,7,3.8,12.6,15.1,3.582
17/03/2020,0,68.3,84.5,78.5,1027.2,3,5.3,13.4,7.3,2.295
18/03/2020,0,94.1,51.8,80.6,1024.7,3,9.4,15.2,4.4,1.883
19/03/2020,0.44,95.9,18.5,89.9,1026.2,1,6.4,8.6,1.5,0.616
20/03/2020,0.213,82.8,96.8,69.3,1028.5,4,5.9,9.9,8.3,3.475
21/03/2020,0,51.7,179.5,62.1,1026.4,7,4.5,10,15.3,4.207
22/03/2020,0,19.4,197.1,63.3,1026.5,7,4.3,10,16.9,4.347
23/03/2020,0,10.4,203.3,54.9,1026.6,7,3.5,11.6,17.5,4.497
24/03/2020,0,24.3,202.8,49.7,1025.7,7,2.8,15.5,17.6,4.404
25/03/2020,0,10.2,206.6,51,1024.5,7,1.7,13.1,17.5,4.505
26/03/2020,0,38.1,203.7,55.7,1023.3,7,2.3,13.1,17.5,4.333
27/03/2020,0,18.3,194,60.4,1023.8,6,3.2,13.6,16.6,4.249
28/03/2020,0,51.7,131.2,63.7,1028.9,6,5.4,11.1,11.3,3.983
29/03/2020,0.201,61.8,130.9,54.8,1037.4,4,3.5,7.7,10.8,3.94
30/03/2020,0.203,77.5,80.8,68.6,1034.8,3,3,9.9,6.7,3.527
31/03/2020,0.015,48.4,111.2,66.4,1031.4,4,3.5,10.4,9.6,4.635
01/04/2020,0.171,57.3,112.8,63.5,1024.3,6,1.1,9,9.7,4.152
02/04/2020,0,84.3,102.7,63.6,1016.2,4,6,13,8.5,4.077
03/04/2020,0,74.7,117.4,62.3,1017.6,5,6.1,13.1,10.1,3.713
04/04/2020,0,43.3,202.3,65.1,1020.1,7,3.5,16.5,17.5,4.081
05/04/2020,0,36.2,233.5,48.5,1014,7,7.9,21.1,20,4.962
06/04/2020,0.227,56.3,152.3,59.9,1016.7,6,10.3,17.4,13.2,4.126
07/04/2020,0,60,195.4,60.8,1028.5,7,5.7,19.4,17,4.358
08/04/2020,0,66.9,135.3,60.6,1024.7,5,10.4,20.2,11.8,4.384
09/04/2020,0,33,210.6,61.6,1024.6,7,9.6,21.8,18.4,4.511
10/04/2020,0,54.4,226.6,63.7,1024.6,7,9.2,22.1,19.4,4.805
11/04/2020,0,58.5,204.1,58.8,1022.1,7,9.2,24.8,17.7,4.74
12/04/2020,0.103,65.3,214,55.2,1014.8,8,10.3,24,18.8,4.304
13/04/2020,0.05,57.4,208.8,57.7,1024.7,8,6.3,13.4,18.3,5.202
14/04/2020,0,44.1,249.4,53.4,1028.6,8,4.8,12.5,21.5,5.446
15/04/2020,0,37.6,242.7,59.3,1022.8,7,3.8,18.4,20.9,5.161
16/04/2020,0,66.7,156.6,63.6,1016.2,5,6.2,19.1,13.6,3.971
17/04/2020,0.785,77.5,97.8,67.9,1016.8,4,9,14.3,8.6,3.178
18/04/2020,3.78,86.5,122.6,77.5,1017.7,5,7,14.5,10.5,2.758
19/04/2020,0,28.2,253.2,62.9,1020,8,7.4,18.3,21.9,5.606
20/04/2020,0,14,266.4,55.2,1017.5,8,6.9,17.8,23,5.703
21/04/2020,0,34.7,266.9,50.4,1016.6,8,9.5,17.5,22.9,5.698
22/04/2020,0.171,35.9,266.9,53.2,1019.2,8,8.3,20.4,22.9,5.61
23/04/2020,0,41.4,257.6,56.5,1019.4,8,7.9,23,22.2,5.48
24/04/2020,0,49.1,258.3,55,1016.1,8,8.9,21.5,22.4,5.475
25/04/2020,0,36.5,245.3,69.1,1015.2,8,7.5,15.2,21.1,5.662
26/04/2020,0,16.5,268.8,62.4,1012.2,8,4.3,20.4,23.3,5.717
27/04/2020,0,82.1,154.8,63.5,1007.6,5,7.4,17.9,13.3,3.581
28/04/2020,11.42,94.3,27.1,87.4,1004.7,2,7.9,11.4,2.2,1.208
29/04/2020,5.319,83.1,115.3,80.7,1001.8,3,7.6,13.9,9.9,2.661
30/04/2020,8.765,58.4,127.9,81.9,995.2,4,6.5,13.4,11.1,3.314
01/05/2020,0.339,64.6,193,72.1,999.2,6,7.9,14.8,16.7,4.363
02/05/2020,0.007,42.5,286.2,62.1,1010.2,8,6.9,17.4,24.6,5.628
03/05/2020,0.019,94.4,96.8,66.6,1015.9,4,8.8,15,8.4,3.227
04/05/2020,0,76.4,193.8,65,1019.2,7,9.5,17,16.7,4.893
05/05/2020,0,34.4,284.9,61.3,1021.2,8,8.5,14.9,24.6,6.313
06/05/2020,0,16.3,294.9,61.6,1025.2,8,5.8,17.5,25.4,6.401
07/05/2020,0,49.5,274.7,61.6,1022.8,8,7.3,22.5,23.8,5.294
08/05/2020,0,56.5,268.9,53.2,1017.9,8,9.9,24,23.3,5.225
09/05/2020,0,54.1,285.7,53.9,1012.7,8,10.7,24,24.9,5.86
10/05/2020,0,69.4,123.4,63.9,1010.5,6,7.9,18,10.6,4.654
11/05/2020,0,52.9,208.6,50.3,1019.4,7,5.5,12,17.9,6.055
12/05/2020,0,37.8,236,54,1020.9,8,2.8,14.9,20.3,6.499
13/05/2020,0,69.1,176.8,54.6,1017.4,5,7,12.4,15.4,5.984
14/05/2020,0,22.4,268.8,58.1,1022.6,8,3.9,13.5,23.3,6.642
15/05/2020,0,17.8,292.1,55.9,1023.9,10,3.8,18.4,25.2,6.348
16/05/2020,0,70.5,193.1,53.3,1024.4,6,8.7,17.9,16.6,5.162
17/05/2020,0,59.8,244.2,58.5,1023.8,8,7.8,19.8,21.1,4.718
18/05/2020,0,66.8,286.7,52.7,1023.5,8,10.5,23.4,24.8,5.983
19/05/2020,0,45.1,293.4,59.1,1023.1,8,12.4,25.5,25.4,6.109
20/05/2020,0,44,308.3,53.8,1021.3,8,12.9,27,26.7,6.278
21/05/2020,0,66.3,293.9,51.2,1018.9,8,14.2,27.3,25.4,5.648
22/05/2020,0,63.1,263.5,50,1015.1,8,14.4,21.9,22.8,5.475
23/05/2020,0.957,47.3,266.8,56.6,1022.2,9,11.5,18.8,23.1,5.989
24/05/2020,0,52.8,240.7,59.4,1030.1,8,11,22.4,20.8,6.155
25/05/2020,0,47.3,310.9,54.1,1034.3,9,10.8,25,27,6.418
26/05/2020,0,67.7,292.5,52,1035.3,8,11.8,26,25.4,5.908
27/05/2020,0,62.4,204.2,55,1035.1,8,13.9,24.4,17.6,5.324
28/05/2020,0,37.7,311.6,53,1033.9,8,11.9,20.6,26.7,6.778
29/05/2020,0,8,324.2,50.2,1027.8,9,11.4,22.6,27.9,6.831
30/05/2020,0,27.7,315,53.5,1023.2,8,10.4,24,27.1,6.773
31/05/2020,0,4.8,320.3,47.9,1022.5,8,12.8,23.6,27.6,6.767
01/06/2020,0,22.3,314.3,53,1022.4,8,12.2,25.3,27.2,6.639
02/06/2020,0,37,307.4,48.4,1018.9,8,13,24.5,26.5,6.215
03/06/2020,0.018,92.5,81.9,63.2,1008.8,3,13.8,19,7.1,3.333
04/06/2020,0.021,86.6,128.5,66.3,1003.7,7,10.9,16.4,10.9,5.32
05/06/2020,1.982,77.7,177.1,62.1,997,6,10.5,16.8,15.3,5.697
06/06/2020,7.683,57.1,133.3,72.6,999.2,5,7.9,13.3,11.4,3.885
07/06/2020,0.605,67.8,149.1,77.1,1008.8,6,7.6,18,12.9,3.979
08/06/2020,0,85.8,157.8,65.7,1018.5,6,10.6,15.6,13.6,5.668
09/06/2020,0,85.1,187.8,56.4,1020.1,7,9.2,19.1,16.2,5.109
10/06/2020,0.566,91.6,73.3,80.1,1015.4,2,11.4,15.1,6.4,3.116
11/06/2020,0.76,87.8,120.7,78.2,1011.5,6,11.5,19.4,10.4,4.688
12/06/2020,0.421,74.9,129.5,78.8,1005.6,5,14,20,11.2,3.842
13/06/2020,0.101,47.8,240.9,67.8,1008.2,8,13.5,23.3,20.9,6.366
14/06/2020,1.251,49.9,231.6,68.5,1013.8,7,13.6,22,20,6.402
15/06/2020,0.268,49.1,250.6,67.9,1016.1,10,12,23.4,21.8,5.847
16/06/2020,0.144,59.4,217,67.1,1014.2,8,14,22.5,18.8,5.404
17/06/2020,14.726,74.6,133.4,77.6,1012.4,6,13.3,21.2,11.6,4.111
18/06/2020,17.326,78,120.9,83.9,1010.3,6,14.1,19.4,10.4,3.467
19/06/2020,0.639,80,129.3,75.7,1014,5,14,19,11.2,5.069
20/06/2020,0.018,64.6,194,70.4,1019.4,6,12.8,21.5,17,5.707
21/06/2020,0.907,68.6,209.9,65.5,1016.9,7,14.9,22.3,18.1,5.553
22/06/2020,0,29.9,325,60.7,1024.6,9,11,22.6,28,6.685
23/06/2020,0,43.4,309.3,58.6,1023.5,8,12.9,27.6,26.6,6.65
24/06/2020,0,42.3,307.8,54.4,1020.1,8,16.7,29.9,26.4,6.597
25/06/2020,0,27.3,313.8,53.7,1015.3,8,18.2,30.8,26.9,6.633
26/06/2020,0.523,51.5,276.5,62.4,1009,8,17.3,29.5,24.1,5.545
27/06/2020,2.78,78.4,131,75.7,1005.3,4,15.9,20.4,11.4,5.596
28/06/2020,0.919,57.9,209.2,67.3,1009.3,6,12.5,19.8,18,6.394
29/06/2020,2.617,75.7,143.9,61.7,1009.8,5,12.5,19.6,12.4,5.465
30/06/2020,0.848,88.3,103.1,76.7,1007.4,4,13.1,18.5,8.8,3.275
01/07/2020,4.402,78.3,156.2,75.2,1005.6,5,14.5,20,13.4,5.149
02/07/2020,0.732,60.6,188.5,79.2,1011.1,6,12.5,20,16.3,5.078
03/07/2020,4.279,71.9,218.2,75.2,1015.8,7,12.5,20.2,18.8,5.492
04/07/2020,1.068,96.3,75.2,84.3,1011.1,3,15.4,20.1,6.3,3.97
05/07/2020,0.012,61.8,287.2,62.8,1010.8,9,14.5,21.4,24.8,6.581
06/07/2020,0,51.8,153.8,60.1,1018.9,4,12,19.5,13.4,6.477
07/07/2020,0.007,76.1,149.4,64.4,1020.3,5,10.9,20.1,12.8,4.705
08/07/2020,9.557,86.8,88.3,90.7,1014.8,3,14.1,19.4,7.7,3.306
09/07/2020,1.728,87.2,66.7,87,1011.8,2,15.6,19.5,5.8,3.015
10/07/2020,2.118,70.3,204.8,67.9,1017.4,8,12.9,18.6,17.7,6.352
11/07/2020,0,33,232,59.2,1026.2,7,9.9,20,20.1,6.596
12/07/2020,0,54.4,285.5,56.9,1027.8,8,10.4,24,24.5,5.888
13/07/2020,0,65.5,262.1,53.4,1023.2,8,13.3,24.5,22.6,4.415
14/07/2020,1.023,83.6,150,70.3,1016.5,5,15.5,20.6,12.9,3.521
15/07/2020,0,90.3,100.3,67.9,1016.1,3,13.6,18.6,8.8,4.088
16/07/2020,0,85.7,125.5,68.9,1019.7,5,16,22.5,10.8,4.71
17/07/2020,0,52.3,265.2,60.5,1020.6,8,17.5,27.1,22.7,6.214
18/07/2020,0,62.1,260.8,62.7,1018.3,8,15.5,24.9,22.4,5.959
19/07/2020,0.477,81.5,102.8,70,1017.8,4,15,20,8.9,3.747
20/07/2020,0,23.5,310.9,52.2,1022.8,9,12.2,22.8,26.8,6.641
21/07/2020,0,23.1,275.6,49.7,1025.9,9,12.5,22.4,24,6.426
22/07/2020,0,57.2,282.7,50.5,1023.5,8,15.2,25,24.5,5.77
23/07/2020,0,67.1,213.6,56,1016.3,8,14,25.1,18.5,4.618
24/07/2020,0,76.5,134.2,67.1,1012.4,6,16.9,24,11.6,4.967
25/07/2020,3.598,84.3,66.4,83.9,1007.8,3,15.4,21.2,5.7,3.319
26/07/2020,6.434,63.4,172.5,79,1010.4,8,12.9,21.9,14.6,5.227
27/07/2020,1.302,86,77.6,82.2,1008,3,16,20.5,6.8,4.008
28/07/2020,0.556,59.7,169,62.1,1013.8,6,13,20.9,14.7,6.343
29/07/2020,0,69.6,262.1,59,1020,8,9.9,22.9,22.7,5.997
30/07/2020,0,28.5,293.7,49.5,1018.1,8,12.9,28.9,25.3,5.985
31/07/2020,0,22.8,258,51.1,1011.7,8,17.1,36,22.4,5.339
01/08/2020,0,52.3,193,62,1014.8,5,16.8,26,16.8,5.481
02/08/2020,0,51,232.9,59.6,1016.4,7,13.3,23.6,20,5.693
03/08/2020,0,56.5,219,53.3,1015.7,6,15.2,23.3,18.9,5.358
04/08/2020,0,47.1,215.9,63.4,1016.1,6,11.9,22.9,18.6,4.953
05/08/2020,0,73.3,215.9,59.3,1012.9,8,15.6,25.5,18.7,5.79
06/08/2020,0.003,71.5,197.3,68,1016.7,8,19,28.5,17,4.881
07/08/2020,0,28,246.8,52.7,1017.8,8,15.1,35.5,21.4,5.544
08/08/2020,0,69.2,174.1,56.5,1018.9,7,20.9,32.4,15,3.505
09/08/2020,0,51.3,245.1,64,1017.8,8,17.9,31.7,21,5.005
10/08/2020,0,44.5,250.8,58.6,1014,7,19.5,34.3,21.5,3.999
11/08/2020,0,44.4,221.6,57.4,1014.1,8,21.1,34.1,19.1,4.807
12/08/2020,0.483,46.2,179.9,60.1,1013,7,21.9,33.9,15.7,4.504
13/08/2020,0.412,65.4,135.5,71.8,1012.4,7,19.9,27.9,11.6,4.206
14/08/2020,1.707,97.8,52.8,85.6,1013.8,2,17.9,19.9,4.4,3.111
15/08/2020,1.607,98,41.2,91.8,1014.5,1,17.4,20.3,3.2,3.693
16/08/2020,13.991,73.2,115.2,83.3,1010.8,5,17.6,24.3,10,2.517
17/08/2020,12.245,62.4,150.5,80.9,1007.9,6,15.6,21.8,12.9,3.86
18/08/2020,0.547,58.2,151.5,74.1,1008.9,4,16.5,23.1,12.9,4.764
19/08/2020,10.383,74,37.5,92.5,1003.8,1,16,20.1,3.1,1.85
20/08/2020,0.477,51.7,239.7,66.7,1002.6,8,16.8,25,20.8,5.293
21/08/2020,0.011,62.2,179.4,65.9,1003.2,6,18.4,22.5,15.5,5.098
22/08/2020,0.049,46.4,190.4,66.4,1011.6,6,16.5,22.5,16.5,5.005
23/08/2020,0.011,70.1,147.4,68.9,1016.2,5,15.4,21.3,12.9,4.682
24/08/2020,0.984,71.8,128.1,75.9,1015.4,6,13.5,22.1,11.2,4.076
25/08/2020,6.928,79.8,85.8,82.1,1002.1,3,15.6,21.5,7.3,3.636
26/08/2020,0.873,72.3,160.5,64.3,1011.5,5,15.9,21.1,13.8,4.959
27/08/2020,1.294,80.5,74.3,82.1,1011.2,3,13.1,17.5,6.2,3.656
28/08/2020,5.227,76.6,135.9,82.2,1001,5,12,19,11.9,3.802
29/08/2020,3.122,91.7,88.4,79,1008.2,3,11.9,15.4,7.5,4.173
30/08/2020,0.118,89.1,98.8,68.5,1017.2,4,12.4,16.6,8.5,5.018
31/08/2020,0,75.8,140.3,69.2,1021.9,6,8.4,17.1,12.3,4.9
01/09/2020,0,30.6,194.5,69,1020.8,7,7.5,19.5,16.6,4.767
02/09/2020,0.609,78.2,125.9,76.6,1019.2,6,10.3,20,10.8,3.946
03/09/2020,2.512,90.7,59,83.3,1015.9,2,16.4,21.6,5,2.466
04/09/2020,0.03,81.9,103.8,73.4,1020.8,5,13,18.6,8.9,3.431
05/09/2020,1.764,45.2,164.9,73,1021.1,6,10,18,14.2,4.266
06/09/2020,0,61.5,164.9,73.2,1020.9,6,10,19,14.3,4.282
07/09/2020,0,68.6,106.8,78.8,1023.1,4,10.8,20.6,9.1,1.63
08/09/2020,0,85,123.7,79.1,1024.2,5,16.1,24.5,10.8,3.828
09/09/2020,0,55,85.7,75.7,1023.2,4,15.4,21.5,7.4,3.257
10/09/2020,0,59.8,179.9,60.8,1023.4,6,10.7,19.5,15.7,4.474
11/09/2020,0.008,64.8,152.4,68.2,1017.4,6,9,19.1,13.1,3.801
12/09/2020,0,59.3,163.5,66,1019.3,6,12.8,21.5,14.2,3.949
13/09/2020,0,38.3,195.8,72,1023.3,6,13.5,25,16.9,4.034
14/09/2020,0.002,9.6,200.3,69.8,1021.7,7,11.6,28.5,17.3,3.982
15/09/2020,0,38.9,165.5,70.5,1017.9,6,15.8,29.8,14.3,2.733
16/09/2020,0,73.8,144.7,64.9,1023.3,6,17.1,25.9,12.4,3.708
17/09/2020,0,40,185.1,63.7,1028.2,6,13.4,21.8,15.8,3.985
18/09/2020,0,48.1,182.5,65.4,1022.9,6,11.2,21,15.7,4.071
19/09/2020,0,54.9,163.7,62.1,1017.5,6,13.5,24.7,14.3,3.081
20/09/2020,0,22.4,163.3,65.4,1018.5,6,14,24.8,14.2,3.649
21/09/2020,0,45.8,143.6,73.6,1017.6,6,14,24,12.5,3.711
22/09/2020,0,31.6,164.1,71.6,1010,6,12.5,24.9,14.2,3.174
23/09/2020,4.499,76.8,60.3,84.3,1000.5,3,11.8,18.5,5.1,2.394
24/09/2020,5.061,58.2,86.3,75.9,996.4,4,8.5,16.4,7.6,2.402
25/09/2020,1.834,56.5,107.3,68.9,1001.7,4,7.8,14.8,9.3,2.719
26/09/2020,0.018,47.9,108,66,1011.1,5,7.4,12.6,9.4,2.972
27/09/2020,0,94.8,47.6,69.7,1012.5,3,10.9,13.9,4,1.934
28/09/2020,0,78.9,136.3,69.8,1013.5,6,10.1,18.4,11.6,3.171
29/09/2020,1.918,74.6,91.7,83.6,1015,4,13.3,18.9,8,2.645
30/09/2020,1.105,67.4,45.8,86.5,1007.9,2,10.9,17.4,4,1.498
01/10/2020,5.705,73.3,94.2,77.1,997.6,6,11.4,15.8,8.1,2.554
02/10/2020,13.279,85.1,18.2,91.5,988.3,1,10.8,13.9,1.6,0.565
03/10/2020,42.318,85,42.9,90.1,986.2,3,11.4,15,3.6,1.277
04/10/2020,28.155,81.8,26.4,93.8,982.5,1,9.1,11,2.2,0.791
05/10/2020,0.613,75.9,100.4,85.1,994.6,5,9.1,17.5,8.6,2.217
06/10/2020,5.541,68,96,81.8,998.1,5,11.4,16,8.2,2.359
07/10/2020,0,62.5,122.3,76.2,1012.2,6,9,16.3,10.6,2.643
08/10/2020,5.157,81.6,49.9,84,1011.7,2,9.5,18,4.3,1.836
09/10/2020,1.917,59.3,72.1,87.2,1018.8,4,7,14.1,6.3,2.099
10/10/2020,0.192,56.9,43.5,83.6,1022.4,2,5.1,13.1,3.8,1.831
11/10/2020,0.88,59.1,94.7,79.4,1025.1,4,7.6,14,8.2,2.57
12/10/2020,0.438,91.5,41.1,88.6,1019.9,2,6.5,13.1,3.7,1.171
13/10/2020,8.319,81.1,46.3,90.1,1010.5,2,7,11,4.1,1.733
14/10/2020,2.198,61.5,85.4,82,1020.1,4,8.5,14.1,7.5,1.949
15/10/2020,0.584,58.7,88.7,80.2,1024.4,5,8.3,12.9,7.8,2.182
16/10/2020,0.008,76.3,78.5,76.8,1024.8,5,7.8,12.9,6.8,2.236
17/10/2020,0.037,92.7,38.9,79,1022.7,2,9.8,12.4,3.3,1.535
18/10/2020,0.171,94.4,49.5,83.2,1023.7,2,8.8,12.9,4.2,2.228
19/10/2020,0,86.8,82.9,71.7,1015.6,4,8.6,15.5,7.1,1.835
20/10/2020,0.64,82.2,54.8,78.4,1001.7,3,12.5,18.1,4.7,1.242
21/10/2020,10.686,86.6,19.4,92.2,996.8,1,13.7,15.6,1.6,0.794
22/10/2020,0.171,48.5,64.7,81.7,1007.7,4,11.5,16.3,5.7,2.007
23/10/2020,0.094,73.6,53.5,85.7,1008.4,3,9.4,15.6,4.5,1.829
24/10/2020,0.782,77,27.4,84.3,1002.6,1,8.5,16.1,2.3,0.759
25/10/2020,9.416,46.4,59.4,84.6,996.5,4,8.5,12.5,5.3,1.325
26/10/2020,0.025,33.8,50,81.8,998,2,7.3,13.1,4.2,1.842
27/10/2020,1.269,63.5,21.2,89.4,998.5,1,6.8,13.9,1.9,0.703
28/10/2020,2.023,52.6,56.4,80.4,1002.6,3,8.3,13.4,4.8,0.899
29/10/2020,3.142,85.6,19.3,86.5,1012,1,8.2,14.8,1.6,0.534
30/10/2020,0.052,93.3,27.7,86,1016.2,2,14.5,16.2,2.3,0.918
31/10/2020,7.889,80.5,21.8,82,1011.7,1,10.9,15.4,1.8,0.735
01/11/2020,0.398,86.7,26,83.1,1003.3,2,10.7,17.4,2.1,0.751
02/11/2020,0.61,51.2,58.3,73.3,1005.2,4,8,17.4,5,1.675
03/11/2020,9.104,50.7,47.8,78.4,1019,2,5.4,10.5,4.2,1.583
04/11/2020,0.189,25.5,73.5,84.7,1033.5,4,1.9,11.4,6.3,1.818
05/11/2020,0.013,52.1,38.3,93.7,1038.6,3,2.8,10.1,3.3,1.302
06/11/2020,0.2,61.6,43.6,81.9,1029.2,2,3.3,11.6,3.8,1.114
07/11/2020,0,45.3,53.6,87.2,1020.2,2,5.8,13.9,4.4,1.316
08/11/2020,0.021,92,26.1,91.9,1018.2,2,10,15.3,2.4,0.885
09/11/2020,4.148,85.6,32.1,92.8,1019.4,2,11.5,16.9,2.8,0.739
10/11/2020,1.027,64.4,41.3,92.4,1023.2,2,9.4,14.7,3.6,1.386
11/11/2020,0.199,81.1,24,88.3,1017.5,1,9.3,13.5,2,0.561
12/11/2020,3.497,49.1,53.7,79.7,1013.4,3,9.6,12.9,4.7,1.495
13/11/2020,0.612,73.9,33.9,80.9,1012,2,9.5,12.6,3.1,1.099
14/11/2020,1.887,84.3,11.3,87,1007.1,1,9.9,14.5,0.9,0.396
15/11/2020,14.945,68.6,33.4,83.1,996.4,3,7.5,14.3,2.9,0.905
16/11/2020,0.403,77.8,28.8,80.9,1012,2,7.6,13.1,2.5,0.565
17/11/2020,0.943,92.1,27.6,83.6,1020.5,1,12,14.5,2.5,0.659
18/11/2020,0.411,72.6,28.7,78.8,1016.5,2,8.5,16,2.4,0.753
19/11/2020,0.81,54.9,17.4,76.5,1026.1,1,4.7,10.4,1.7,0.76
20/11/2020,0.955,79.2,20.8,89.8,1033.2,1,1.8,10.9,1.7,0.505
21/11/2020,0.021,91.6,17.8,79.8,1026.7,1,10.4,12.1,1.4,0.561
22/11/2020,0.402,78.3,28.4,83.5,1026.5,2,5.8,11.5,2.5,0.831
23/11/2020,0.002,72.5,22.3,89.8,1027,1,3.3,9.9,1.8,0.847
24/11/2020,0,74.9,34,82.4,1017.1,2,9.5,12,3,1.078
25/11/2020,0.029,83.7,11.2,85.4,1013.1,1,7.7,13.8,1.1,0.375
26/11/2020,0.185,75.3,25.8,81.3,1021.1,2,4.2,9.3,2.3,0.805
27/11/2020,0.037,75.4,22.8,90,1019.1,1,0.8,7,1.9,0.528
28/11/2020,0.002,98.2,16.2,90.6,1018.5,1,7.4,10.5,1.2,0.787
29/11/2020,0,99.4,15.9,89.6,1025.9,1,7,9.4,1.3,0.426
30/11/2020,0.01,88.3,11.7,89.9,1024.1,1,5.1,10.5,0.9,0.104
01/12/2020,0.008,43.3,29.3,73.7,1025.4,2,5.1,8.5,2.4,1.027
02/12/2020,0.197,90.1,18,84.9,1018,1,3.4,7,1.6,0.264
03/12/2020,14.413,83.9,5.9,92,990,0,3.6,7.4,0.5,0.067
04/12/2020,3.532,91.1,16,84.4,977.3,1,3.5,5.9,1.3,0.475
05/12/2020,0.008,71.4,22,78.7,991.2,1,3.9,8.1,1.7,0.962
06/12/2020,1.799,77.9,21.7,87.3,1001.6,2,2,5.5,1.8,0.826
07/12/2020,0.022,94.5,9,94.4,999.2,0,0.9,3.4,0.8,0.539
08/12/2020,0.856,79,19.7,94.3,1003.4,1,1.4,4,1.7,0.44
09/12/2020,1.889,92.7,19.8,87.5,1005.8,1,4.4,7,1.6,0.566
10/12/2020,0.002,95.5,8.8,85.5,999.2,1,6,7.6,0.7,0.806
11/12/2020,7.069,80,20.1,93.9,987,1,7.5,11.1,1.7,0.346
12/12/2020,0.014,72.3,20.4,85.8,999,1,3.1,9.6,1.8,0.45
13/12/2020,1.929,84.8,9.6,92.6,1002.4,1,1.9,11.6,0.8,0.112
14/12/2020,13.001,68.3,16.2,88.3,999.2,1,8.6,12.5,1.4,0.801
15/12/2020,2.093,37.1,23.2,87.3,1005.7,1,8,11.4,1.9,0.581
16/12/2020,2.238,83,16.2,85.8,1007.3,1,8,10.9,1.3,0.47
17/12/2020,0.19,49.7,21.3,85.8,1013.9,1,6.6,11.4,1.8,0.824
18/12/2020,0.641,93.5,7.8,87.8,1010.6,0,11,12.1,0.5,0.242
19/12/2020,2.269,62.5,17.4,83.2,1005.1,1,7.6,12.4,1.5,0.727
20/12/2020,5.377,47.5,15.9,83.3,1012.5,1,6.1,10.1,1.4,0.676
21/12/2020,2.252,92.6,9.1,92.2,1006.6,1,6.9,13.6,0.7,0.184
22/12/2020,1.992,85.9,16.7,87.8,1010.4,2,10.2,13.9,1.4,0.071
23/12/2020,2.98,80.9,17,91.6,1004.9,1,8.8,13,1.4,0.551
24/12/2020,1.842,57.5,21.1,77,1020.7,1,3,7.5,1.8,0.705
25/12/2020,0.006,53,28.6,74.5,1030.8,2,1.3,4.5,2.5,0.889
26/12/2020,0.002,75.8,18.7,84.9,1016.1,1,1,10.6,1.5,0.306
27/12/2020,15.953,52.9,16.6,82.5,977.6,1,1.9,10,1.4,0.721
28/12/2020,0.015,78,17.4,91.8,974.6,1,0.4,3.5,1.5,0.503
29/12/2020,0.006,96,12.9,85.5,990,1,1.4,4.5,1.2,0.44
30/12/2020,0.019,64.1,26.2,89.1,1002.4,1,-0.1,5,2.4,0.49
31/12/2020,0,88.3,12.6,89.3,1005.6,1,-1.1,1.5,1.1,0.721
01/01/2021,0.031,98.4,12,91.7,1011.4,1,-0.5,4.9,1,0.399
02/01/2021,0.632,82.1,19.9,83.4,1015.8,1,1.4,5,1.7,0.769
03/01/2021,1.721,90.5,20.6,86.6,1017.4,1,1.1,5.9,1.6,0.324
04/01/2021,0.35,82.3,11.2,82,1019.3,1,3.3,5.5,0.9,0.395
05/01/2021,0.888,76.7,15.9,82.9,1019.9,1,2.4,4.5,1.2,0.445
06/01/2021,0.931,67.5,18.4,83.9,1019.4,1,1.8,5.5,1.5,0.711
07/01/2021,0,76,22.8,88.2,1018.4,1,-1.1,3,2.1,0.827
08/01/2021,0,96,16.1,90.9,1018.5,1,-1.1,2.3,1.3,0.729
09/01/2021,0.008,72.6,23.5,90.1,1026.1,1,-1.3,4.2,2.1,0.74
10/01/2021,0.002,99,15.2,93.2,1025.9,1,-1.7,3.5,1.3,0.553
11/01/2021,0,94.6,24.4,84.2,1017.7,1,3.5,9,2,0.267
12/01/2021,7.819,83.4,18.7,86.6,1014,1,2.4,9.4,1.5,0.954
13/01/2021,1.9,93.6,10.8,95.4,1018.3,0,1.1,9.6,1,0.208
14/01/2021,25.95,94.2,8.3,94.6,1016.5,0,2.6,9.1,0.8,0.118
15/01/2021,0.359,62,27.9,87.2,1029.6,1,0.9,4.1,2.5,0.938
16/01/2021,5.294,88.7,12.9,88,1020,1,1.5,7.2,1.2,0.294
17/01/2021,0,60,35.1,78.6,1023.4,2,3.1,7.9,2.9,1.102
18/01/2021,0.013,65.4,24,88.7,1021.1,1,2.5,8.5,2,0.574
19/01/2021,0.172,94.2,17.9,86.3,1004,1,9.1,11.6,1.4,0.605
20/01/2021,0.948,94.9,7,87.6,987.5,0,9.2,10.5,0.7,0.196
21/01/2021,3.351,49.6,33.6,75.1,984.6,2,4.2,8.7,2.9,0.816
22/01/2021,0.026,29.6,39.4,83.2,992.1,2,0.5,7.2,3.3,1.383
23/01/2021,0.599,57.8,33.9,87,995.5,2,-0.3,4.4,2.9,0.937
24/01/2021,2.863,70.9,6.4,91.3,996.9,0,-2.1,1.9,0.6,0.346
25/01/2021,0.204,19,52.6,78.8,1009.5,3,-1.4,5,4.6,1.469
26/01/2021,0.647,70,20.2,89.8,1015.8,1,-0.6,6.5,1.9,0.548
27/01/2021,1.208,93.7,15.2,95.6,1011,1,6.5,9.6,1.3,0.423
28/01/2021,17.828,89.9,40.7,89.9,1001.5,2,8.6,12.9,3.7,0.684
29/01/2021,11.73,77.8,31.9,85.2,998.3,2,7.3,11.1,2.7,1.04
30/01/2021,12.599,94.9,11.1,89.3,997.7,1,3.5,7.9,0.9,0.35
31/01/2021,1.017,68.9,28.7,81,997.8,1,1.4,4.1,2.4,0.691
01/02/2021,0.39,99.7,11.6,88.9,996.8,1,3.5,4.5,0.9,1.201
02/02/2021,5.417,87.5,40.3,87.9,994.6,2,3.9,13,3.5,0.944
03/02/2021,1.117,69.4,23.8,82.3,996.5,2,5.9,10.4,1.9,0.702
04/02/2021,3.887,69.5,27.7,93.2,1008.2,2,3.7,9.1,2.3,0.769
05/02/2021,7.666,73,57.2,86.2,1008.1,3,6.4,11,4.8,1.349
06/02/2021,2.029,86,34,89.1,1006.7,2,4.8,8.1,2.8,1.138
07/02/2021,7.487,90.5,29.4,83,1004.2,2,-0.6,4.4,2.4,0.958
08/02/2021,0,90,15.3,79.7,1003.5,1,-1.6,-0.3,1.4,0.946
09/02/2021,0.006,90.2,22.7,78.8,1006.8,1,-1,0.5,1.9,1.297
10/02/2021,0,56.2,69.6,69.8,1012.2,4,-2,2,6.1,1.461
11/02/2021,0,78.9,56.8,74.6,1024.6,3,-3.3,0.6,5,1.515
12/02/2021,0,92.1,85.4,62.4,,4,-1.7,0.9,7.5,1.798
13/02/2021,0,70.5,77.1,56.8,1031.8,4,-4,1.6,6.7,1.455
14/02/2021,0.559,78.8,29.4,60.5,1025.6,2,1.1,4.5,2.4,0.828
15/02/2021,3.017,89.9,50,87.9,1018,4,4.6,12.5,4.2,1.407
16/02/2021,1.343,74.1,24.4,85.9,1009.9,1,7.6,10.4,2.3,0.327
17/02/2021,0.538,86.9,19.6,85.9,1009.7,1,7.6,11.4,1.8,0.43
18/02/2021,1.187,40,53,73.7,1003.7,3,5.8,10.9,4.6,0.901
19/02/2021,0.002,62.4,32.5,80.7,1009,1,5.4,12,2.9,1.244
20/02/2021,0,80.1,70.3,64.5,1002,4,11.3,15.3,6.3,1.688
21/02/2021,0.023,74.3,55,76.1,1008.3,3,10.3,14,4.7,1.405
22/02/2021,0.782,78.2,15.1,86.9,1014.7,1,8.1,11.3,1.4,0.973
23/02/2021,0.005,66.4,108.2,74.6,1022.9,4,6,13.9,9.4,2.381
24/02/2021,0,56.4,79.1,67.9,1022.3,3,11.5,15.9,6.9,1.343
25/02/2021,0.178,64.7,44.2,71.9,1026.6,2,7.6,12.9,3.9,1.815
26/02/2021,0,3.8,138.9,69,1037.1,5,1.4,12.4,11.9,2.875
27/02/2021,0.017,6.8,132,76.3,1040.8,6,1.8,12.8,11.3,2.811
28/02/2021,0,37.2,86.8,82.9,1037,4,4,9.9,7.6,2.384
01/03/2021,0,70.5,104.4,83,1031.8,5,4.5,10,9.2,2.087
02/03/2021,0,69,68.2,85.1,1029.8,4,4.4,8.9,5.9,1.84
03/03/2021,8.261,94,38.1,93.5,1027.5,2,4,8.1,3.3,1.208
04/03/2021,2.01,97,22,84.8,1024.9,1,4.4,6.2,1.8,1.48
05/03/2021,0.008,79.7,62.4,63.9,1031.7,4,2.4,6.4,5.2,3.093
06/03/2021,0,86.4,56.6,68.8,1033.6,2,2.6,6.1,4.6,2.919
07/03/2021,0,59.6,99,61.4,1027.5,5,1.4,6.5,8.3,3.099
08/03/2021,0,60.8,87.1,70.7,1023.7,3,-0.1,9.9,7.7,1.769
09/03/2021,0.002,37.2,150.4,65.2,1019.9,6,2.9,13.5,13.2,3.373
10/03/2021,1.126,90,22.3,84.6,1007.4,1,6.5,11.1,1.8,0.44
11/03/2021,1.216,62.2,113.4,67.4,996.3,4,5.9,11.9,9.9,2.109
12/03/2021,2.049,56.4,93.8,73.1,1002.1,5,5,11,8,1.802
13/03/2021,4.741,65,83.9,68.3,995.7,3,4.5,10.4,7.4,2.293
14/03/2021,0.257,71.2,72.5,73.7,1012.8,3,5.1,10.5,6.3,1.944
15/03/2021,0.791,67,90,71.6,1020.4,4,8.1,11,7.9,2.931
16/03/2021,0.191,78.5,56.2,75,1027.4,3,7.4,14.4,4.7,1.64
17/03/2021,1.877,44.8,80.6,73.5,1033.1,4,4.5,10,7,2.1
18/03/2021,0.006,83.4,56.2,80.6,1028.7,2,5.2,9.7,4.9,1.389
19/03/2021,0.428,60,167.7,69.6,1028,7,5.8,11,14.6,3.822
20/03/2021,0,86.6,45.5,76.1,1031,2,4.8,10.6,4,2.614
21/03/2021,0,75.8,116.7,69.5,1028.6,6,5.5,11,9.9,3.848
22/03/2021,0,47.5,178.4,67.1,1026.4,7,5.8,14.4,15.5,3.666
23/03/2021,0,43,117.5,73.8,1024.1,5,3.9,13.3,10,3.138
24/03/2021,0,67.3,92.2,79.6,1020.9,4,3.9,12.9,7.9,1.837
25/03/2021,1.743,50,92.9,82.6,1018.4,3,4,11.9,7.9,3.471
26/03/2021,3.045,70.4,65.4,78.7,1010.7,4,5.5,12.5,5.8,1.855
27/03/2021,0.595,42.4,144.2,67.9,1020.5,6,3.6,11.5,12.3,3.763
28/03/2021,0,88.1,68.7,74.3,1022.7,3,9.1,12.1,5.6,1.113
29/03/2021,0,52.1,192.6,67.1,1026.5,7,8.2,19.9,16.6,3.772
30/03/2021,0,10,249.5,60.7,1027.5,7,4.5,24,21.4,4.452
31/03/2021,0,44.3,89.2,63.7,1020.4,3,8.1,20.4,7.7,3.683
01/04/2021,0,50.4,156.5,72.1,1024.2,5,6.8,14.5,13.4,2.966
02/04/2021,0,86.7,169.8,63.2,1030,7,5.5,10.4,14.7,4.795
03/04/2021,0,90.1,93.8,63.8,1032,3,6,9.5,7.9,4.7
04/04/2021,0,38.7,199.9,61.3,1025.9,7,4.5,15.1,17.1,4.71
05/04/2021,0,40.3,165.3,51.1,1018.2,7,3.9,9.5,14.2,4.38
06/04/2021,0,26.9,185.4,53.4,1020.5,8,0.9,7.5,16,3.543
07/04/2021,0,46.2,109,60.5,1023.6,3,-1.2,6.9,9.5,4.284
08/04/2021,0,78.1,126.6,59.5,1021.6,6,3.5,12,10.8,3.985
09/04/2021,0.012,56.3,168.6,66.7,1013.4,6,5.5,14.2,14.6,3.285
10/04/2021,0.012,87,49.5,68.3,1013.1,2,5,8,4.2,2.229
11/04/2021,0.023,45.5,150,61.9,1019,5,2.2,8.4,13.1,3.747
12/04/2021,0.165,43.4,164.2,62.6,1028.4,8,0.8,10.3,14.3,4.047
13/04/2021,0,29.1,143.6,62.2,1032.4,6,0,11.9,12.4,3.83
14/04/2021,0,40.1,167.5,55.8,1032.6,6,5.2,11.9,14.6,3.943
15/04/2021,0.012,42.6,130.5,65.9,1033.1,7,2.7,9.1,11.3,4.39
16/04/2021,0,29.1,218.9,63,1031.1,8,2.6,11,18.9,5.1
17/04/2021,0,15.8,266.5,51.7,1029,8,2.6,13,22.9,5.466
18/04/2021,0,28.5,256.3,50.5,1025.1,8,1.7,14.9,22.3,4.885
19/04/2021,0,8.8,253.3,63.6,1021.3,8,3.8,16.6,21.8,5.361
20/04/2021,0,15.1,190.1,66.9,1017.9,8,5.3,16,16.4,4.837
21/04/2021,0,46,205.7,71.4,1020.8,8,6.9,13.5,17.7,4.97
22/04/2021,0,4,272.7,60.5,1026.9,8,3.7,13.6,23.6,5.947
23/04/2021,0,15.5,272.2,61.4,1028.4,8,3.8,15.2,23.5,6.028
24/04/2021,0,7.8,275.2,58.5,1027.4,8,5.2,16.5,23.7,5.635
25/04/2021,0,32.6,240.4,64.7,1028,8,5.4,13.5,20.8,5.929
26/04/2021,0,56,247.3,58.3,1021.6,8,5.4,13,21.4,5.756
27/04/2021,0,33.3,200.5,57.7,1010.4,7,1.9,16.3,17.3,5.192
28/04/2021,2.032,72.6,55.5,63.3,1006.2,2,6.6,12.3,4.7,2.766
29/04/2021,0.413,58,161,58.3,1011.1,5,4.5,11.4,13.8,5.002
30/04/2021,0,55.6,158.1,61.8,1014.9,5,4.3,12.3,13.6,3.965
01/05/2021,0.171,40.1,161.8,63.7,1016.3,7,4.2,12.9,14,3.674
02/05/2021,0.263,52.9,163.6,62.4,1020.2,6,4.1,14.3,14.1,4.54
03/05/2021,0.445,68.9,122.6,68.6,1013,5,6,13.4,10.6,2.721
04/05/2021,5.3,64.6,210.3,63.8,999.6,7,7,13.5,18.1,4.821
05/05/2021,3.234,50.8,212.4,69.8,1008.6,10,4.4,12.3,18.5,4.029
06/05/2021,0.911,44.9,184.5,67.8,1007.2,6,2.5,12.8,15.7,4.014
07/05/2021,0,33.1,191.2,51.8,1015.1,7,4.4,13.5,16.5,4.938
08/05/2021,5.365,85.8,46.9,74.4,1005.8,1,7.4,16.1,4.1,3.655
09/05/2021,0,61.2,165.5,70.2,997.2,6,12.6,20.3,14.3,4.329
10/05/2021,0.864,56.4,167.9,70.2,1000,5,10.6,16.5,14.3,5.715
11/05/2021,0.038,52.3,210.7,67.4,1007,8,7.8,17.4,18.2,4.585
12/05/2021,0.032,63.2,222.6,62.5,1008.4,6,9.1,16.8,19.2,5.379
13/05/2021,2.449,75.9,79.6,81.1,1006,4,9.5,12.9,6.8,3.736
14/05/2021,0.496,87.3,83.3,80.1,1008.9,3,8.5,12,7.1,3.98
15/05/2021,3.25,81.4,104.5,85.8,1001.1,4,8,13.3,9.1,3.763
16/05/2021,6.412,73.6,140.9,87.8,997.9,7,7.6,13.5,12.1,3.775
17/05/2021,11.12,83.6,145.3,86.1,1004.5,7,10,15.3,12.4,3.716
18/05/2021,5.46,57.4,168.4,83.1,1013.1,7,6.9,15.8,14.4,4.787
19/05/2021,2.958,58.2,185.4,71,1017.3,9,9.1,16.9,15.9,4.685
20/05/2021,0.537,63.3,94.7,77.4,1013.4,3,7,13.9,8.3,2.821
21/05/2021,0.69,85.1,97,75.5,996.9,3,10.5,13,8.4,3.531
22/05/2021,6.719,78.1,118.5,81.3,1002.6,6,8,14,10.3,4.122
23/05/2021,1.534,62.7,129.5,76.7,1008.2,4,5.3,13,11.2,3.291
24/05/2021,7.253,64.8,152.5,83.4,1003,5,7.5,13.3,13.2,3.659
25/05/2021,3.697,57.2,105.8,75,1013.3,3,7,15.9,9,5.753
26/05/2021,0.353,54.7,164.9,73.2,1014.6,6,6.5,16.1,14.3,5.883
27/05/2021,0,32.6,236.2,67.1,1019.9,10,7.5,19.9,20.3,5.893
28/05/2021,0.574,66.1,145.6,70.3,1023.1,6,10.1,19.4,12.5,4.705
29/05/2021,0.01,43.5,234.9,62.1,1026.4,9,12.5,20.9,20.3,6.526
30/05/2021,0,41.7,251.9,74.8,1027.5,9,9.5,19.9,21.7,6.823
31/05/2021,0.002,35.2,278.2,67.2,1021.4,8,9.9,23.9,24,6.751
01/06/2021,0,8.4,317.3,55.3,1015.1,9,11.9,24.6,27.3,6.826
02/06/2021,0,40.4,228.2,53.9,1012.6,8,12.9,26.8,19.6,4.749
03/06/2021,0.076,64,281.4,68,1018.1,9,17.4,23.7,24.2,6.261
04/06/2021,9.754,71.2,62.2,82.8,1022.7,2,14.1,16.7,5.4,1.69
05/06/2021,0.35,39.2,307.9,66.2,1024.1,9,12.9,23.4,26.8,6.664
06/06/2021,0.039,52.1,204.9,70.3,1024.4,6,13,22.9,17.6,4.863
07/06/2021,0,59.6,247,69.2,1023.8,9,14.5,22.8,21.1,6.316
08/06/2021,0,28,316.6,64.8,1023.1,9,12.9,24,27.4,6.435
09/06/2021,0,12.2,321.5,58.6,1021.6,9,12.4,25.5,27.8,6.868
10/06/2021,0,66.4,184.2,75.7,1020.8,8,15.6,23.4,15.8,5.999
11/06/2021,0,83,150.9,74.1,1019.7,5,16.7,24.1,13,5.878
12/06/2021,0,40,290.8,61.6,1023.2,9,14.8,23.8,25.2,6.65
13/06/2021,0,5.7,319.6,60.5,1026,8,14.4,27.4,27.6,6.698
14/06/2021,0,27.1,261.5,59.4,1020.8,8,16,27.9,22.4,6.359
15/06/2021,0,63.4,254.8,57.6,1020.6,7,15.4,25.4,22.1,6.452
16/06/2021,0,40.4,258.6,65.2,1012.2,8,15,27.9,22.3,5.811
17/06/2021,8.367,85.7,76.4,87.6,1010.4,3,16.7,21.4,6.6,2.995
18/06/2021,31.539,97.7,30.1,94.7,1013,1,12.6,16.6,2.5,1.965
19/06/2021,3.039,97.4,58.6,85.5,1014,2,12.4,15.9,5.2,3.526
20/06/2021,0.742,95.5,86.7,87.4,1008.8,4,13.1,18,7.6,3.988
21/06/2021,4.1,88.8,62.8,84,1012.3,2,12.1,14.4,5.5,3.28
22/06/2021,0.221,68.7,169,66.1,1020,6,11.9,16.6,14.6,5.475
23/06/2021,0.002,27.1,259.3,61.3,1023.3,8,9.2,21,22.5,6.787
24/06/2021,0.171,57.2,174.9,74,1021.5,6,9.9,21.1,15.1,5.089
25/06/2021,0.219,68.9,193.5,70.2,1016.3,7,14.1,21.3,16.8,3.886
26/06/2021,0,62.8,214.4,69.8,1017.3,7,14.4,21.2,18.6,6.139
27/06/2021,0.056,90.3,62.3,84.8,1015.5,2,15.9,20.4,5.2,4.394
28/06/2021,23.679,90,101.2,90.6,1014.2,5,15.6,20.6,8.8,3.853
29/06/2021,2.006,89.7,108.4,82.3,1015.2,5,15,18.8,9.2,4.211
30/06/2021,0,90.4,109.1,74.3,1017.2,4,13.9,17.2,9.5,2.593
01/07/2021,0,60.4,205.4,68.1,1017.7,6,13.4,21.4,17.8,4.628
02/07/2021,0,68.1,190,70.7,1016,8,15.1,23.5,16.5,5.308
03/07/2021,0.65,83.3,117.1,78.8,1012,4,16.4,20.5,10.2,5.908
04/07/2021,3.388,79.8,163.4,81.1,1007.7,7,15,20.5,14.1,3.383
05/07/2021,2.659,72.8,185.4,76.7,1004.8,6,14.1,20.5,15.9,5.228
06/07/2021,15.043,69.2,121.7,84.7,999.6,7,13.5,18.5,10.5,5.528
07/07/2021,0.177,72,145.6,77.8,1011.2,5,13.5,19.9,12.6,5.84
08/07/2021,4.749,63.9,134.5,76.3,1019.3,4,14.5,20.8,11.6,5.651
09/07/2021,0.005,66.9,175.8,72.8,1020.6,7,15.5,23.4,15.3,4.617
10/07/2021,0.074,61.8,101.5,74.4,1016.7,3,14.1,18.1,8.7,3.623
11/07/2021,0,59.6,198.3,78.7,1015.3,6,12.8,20.9,17.1,4.64
12/07/2021,4.785,75.9,132.4,87.4,1011.2,6,14.1,21.4,11.2,3.918
13/07/2021,2.694,59.7,181.7,78,1014.4,7,16.1,22.9,15.7,5.927
14/07/2021,0,42.8,246.6,70.6,1017.8,8,15,24.5,21.3,6.051
15/07/2021,0,51.9,136,71.9,1022.2,5,15.3,21.1,11.9,5.889
16/07/2021,0,10.7,311.8,64.8,1026.5,8,12.3,26,27,6.581
17/07/2021,0,2,306.5,60.7,1027.9,8,16,27.8,26.8,6.327
18/07/2021,0,9,272.4,61.6,1024.8,8,15.6,30.8,23.5,6.221
19/07/2021,0,12.2,242.3,64.2,1020.8,8,18.4,30,21.1,6.033
20/07/2021,0.86,14.2,268.7,68.4,1019.7,8,18,30.5,23.3,5.997
21/07/2021,0.432,11.1,248.7,67.7,1022,8,18.3,29.5,21.5,5.704
22/07/2021,0,4.6,276.3,63,1022.5,8,17.9,28.4,24,6.1
23/07/2021,0,38.2,267.9,71.4,1017.1,8,16.3,23.6,23.3,5.683
24/07/2021,0.286,85.6,93.7,80.1,1008.5,6,16.4,22.9,8.2,3.914
25/07/2021,34.351,84.7,68.5,87.9,1007.6,4,17.2,21.5,5.8,2.259
26/07/2021,1.987,66.5,166.1,78.8,1009.7,7,16.6,24.4,14.1,4.928
27/07/2021,1.158,67.9,137.3,74.9,1008.3,5,17,21.4,11.8,3.809
28/07/2021,16.408,68.8,129.5,84.1,1006.9,5,14,20.1,11.3,4.86
29/07/2021,2.659,35.7,224.6,67.5,1009.7,7,12.5,21.8,19.4,6.084
30/07/2021,3.083,79.5,135.4,80.4,1003.2,6,14.5,18.8,11.8,3.835
31/07/2021,1.262,63.5,114.2,81.1,1009,4,13.6,20.7,9.7,4.114
01/08/2021,3.539,81.5,120.4,82.9,1011.1,4,14.9,20.8,10.3,4.662
02/08/2021,0.111,64.3,137.3,70,1014.8,4,13.5,19.5,11.8,4.131
03/08/2021,0.057,56.5,186.1,73.7,1013.1,8,12.3,21.3,16,5.423
04/08/2021,0,42,216.9,71.4,1012.8,7,12.8,21.9,18.6,5.486
05/08/2021,2.12,64.7,139.7,80.5,1005.2,5,13.4,20.5,12.1,4.461
06/08/2021,1.545,68.6,164.8,79.1,998.4,9,15,22.4,14.2,5.447
07/08/2021,31.29,62,170.5,83.9,997.8,7,14,20,14.6,3.611
08/08/2021,5.814,57.5,124.1,81.4,1005.2,4,13.6,19.5,10.5,4.182
09/08/2021,15.867,67.5,154.7,84.7,1011.5,8,13.6,21.8,13.4,4.031
10/08/2021,0.958,47.9,207.9,77.1,1015.3,8,13.1,23.8,17.9,5.64
11/08/2021,0,35.2,254.7,72,1018,8,13.5,23.2,22.1,5.317
12/08/2021,0.02,74.4,94.4,79.1,1018.2,4,16.4,21.8,8.1,4.118
13/08/2021,0,55.8,122.9,77.8,1020.8,5,14.4,21.6,10.5,4.693
14/08/2021,0,58.6,206.2,73.3,1019.9,7,14.6,24.5,17.9,4.525
15/08/2021,0.027,69.9,195.8,73.4,1013.6,8,15,22.9,17.2,5.203
16/08/2021,0.025,62.4,107.4,70.4,1016.8,4,13.4,18.4,9.3,3.332
17/08/2021,0.013,81.8,46.1,80.3,1019.7,2,11.5,18.5,3.9,2.961
18/08/2021,0.397,85,132.1,78,1016.8,8,15.6,22.5,11.5,4.752
19/08/2021,0,84.5,156.7,74.3,1014.3,7,14.1,21,13.5,3.586
20/08/2021,0.33,82.6,85.3,80.2,1015.9,3,14.9,21,7.3,4.691
21/08/2021,0.253,70.6,61.5,82.4,1015.5,2,16.1,20.4,5.2,1.936
22/08/2021,2.087,76.3,157.4,83.8,1018.5,7,15.5,22.4,13.6,4.058
23/08/2021,0.024,67.2,114.9,74.6,1027.4,7,15.4,20.6,10.1,5.127
24/08/2021,0,45.7,167.8,71.9,1029.4,7,13.6,23,14.5,5.07
25/08/2021,0,44.1,227.8,73.1,1025.7,8,14,21.9,19.7,5.163
26/08/2021,0,96.3,102,68,1022,3,15.9,18.4,8.7,4.709
27/08/2021,0,64,111.8,70.9,1023.3,3,12.5,18.9,9.7,4.248
28/08/2021,0,56.4,114.5,75.8,1025.8,6,12.5,20.4,10,4.554
29/08/2021,0,61.9,124,74.1,1025.3,4,10.8,18.9,10.9,4.953
30/08/2021,0,97.2,58.1,78.2,1026,3,14,16.9,5,4.417
31/08/2021,0.014,95.5,71.8,78.9,1029.2,3,14.1,18.5,6,4.052
01/09/2021,0,95.6,83.6,74.5,1030.7,3,14.5,18.1,7.1,3.856
02/09/2021,0,90.3,117.6,72.3,1027.8,4,15.4,19.5,10.1,4.08
03/09/2021,0,73.6,113.4,73.4,1021.8,3,14.4,21.1,9.8,4.538
04/09/2021,0,79.6,76.7,79.2,1018.9,3,14.4,19,6.5,3.894
05/09/2021,0,44.8,189.3,75.7,1020.3,6,14.1,25.1,16.5,3.264
06/09/2021,0,23.9,165.1,78.1,1022.9,5,14.4,27.5,14.1,4.066
07/09/2021,0,2.1,202.1,68.5,1020.8,6,15.6,29.4,17.3,4.342
08/09/2021,0,19.6,194.3,67.5,1012.9,7,16.5,28.6,16.7,4.115
09/09/2021,3.955,79.4,94.3,85.7,1008.4,4,16.5,22.1,7.9,4.006
10/09/2021,1.175,78.5,59.8,84.6,1010.5,2,17.1,21.8,5.2,3.889
11/09/2021,0.012,71.4,119.5,74.7,1016,5,16.3,22.5,10.3,3.275
12/09/2021,0,57.7,108.9,73.3,1018.6,4,12.4,20.9,9.4,3.091
13/09/2021,0,65.5,98.7,74.9,1017.7,4,14,20.2,8.5,2.375
14/09/2021,18.916,83.8,46.2,91.6,1011.9,3,16.1,19.5,4.1,1.38
15/09/2021,0.019,68.8,105.6,81,1014,4,14,20.1,9.1,4.091
16/09/2021,0.006,21,180.5,80.1,1017.4,7,11.4,23.1,15.6,3.846
17/09/2021,0.002,51.8,127.3,79.3,1014.7,5,13.3,21.1,11,3.196
18/09/2021,0.002,49.5,122.4,74.9,1013.9,5,13.5,23.9,10.4,3.746
19/09/2021,2.924,64.4,54.7,85.7,1014.3,3,15.4,19.9,4.7,2.096
20/09/2021,0,60,94,79,1022.5,4,12.8,19.1,7.9,3.505
21/09/2021,0,38.9,148,78.8,1030,6,11.4,21,12.7,3.578
22/09/2021,0.178,17.1,146.4,78.6,1027.7,6,10.9,21.9,12.7,3.731
23/09/2021,0,45.4,94.1,82.7,1020.5,3,12.1,20.8,8.1,3.162
24/09/2021,0.002,42.7,159,79.4,1016.2,6,13.1,23.1,13.7,3.652
25/09/2021,0.008,74.1,30.3,90.4,1014.3,1,14.2,18.6,2.7,3.117
26/09/2021,0,66.9,90.1,84.4,1011.7,4,13.5,21.9,7.7,2.045
27/09/2021,4.096,51.8,120.6,74,1010.5,6,12.6,18.1,10.5,3.086
28/09/2021,2.131,56.2,106.4,81,1015.9,6,10.9,17.6,9.3,1.269
29/09/2021,13.225,30,158.3,74.6,1019.1,7,8.9,15.9,13.6,3.126
30/09/2021,0.228,75.5,43.7,82,1020.8,2,7.5,16,3.6,1.678
01/10/2021,10.173,58.4,79,79.5,1010.2,3,9.9,17.4,6.7,2.314
02/10/2021,14.654,67.9,20.4,87.6,998.9,1,8,16.8,1.6,0.82
03/10/2021,2.809,42,106.4,79.5,997.3,5,10.5,16.9,9.2,2.798
04/10/2021,2.42,49,109,83.1,1008.1,6,10.5,16.9,9.6,2.273
05/10/2021,33.78,58.9,58.4,80.8,1002.3,3,11.1,14.5,5.1,2.694
06/10/2021,0.002,19.6,146.7,72.3,1018.2,6,9.9,17.2,12.5,3.102
07/10/2021,0.173,88.3,33.3,89.6,1025.9,2,11.6,17.7,2.9,2.538
08/10/2021,0.028,97.4,37.6,87.9,1029.4,2,13.3,17.5,3.1,2.463
09/10/2021,0.014,37,102.3,84.7,1028.6,5,9.1,19.3,8.9,2.939
10/10/2021,0.182,56.6,75.5,84,1029.4,5,9.6,18.9,6.5,2.044
11/10/2021,0.006,25.3,99.2,78.8,1030.5,5,9,15.7,8.5,2.327
12/10/2021,0.037,54.1,65.8,86.9,1026,3,7.7,15.6,5.7,2.274
13/10/2021,0.006,70.2,73.4,83.7,1027.7,4,7.7,15.8,6.3,2.125
14/10/2021,0.002,78.4,88.2,83.2,1023.9,4,10,17.6,7.6,2.214
15/10/2021,0,88.1,45.2,77.3,1020.2,2,9.5,14.1,4,2.218
16/10/2021,0.827,66.5,72.5,87.8,1020.5,5,8.5,15.6,6.3,1.201
17/10/2021,0,46.6,53,87.2,1017.3,3,10.5,16.7,4.5,1.897
18/10/2021,0.81,68,31.1,93.5,1016.2,2,9.1,17,2.7,0.66
19/10/2021,0.284,94.3,64.1,86.5,1012,4,16.6,20,5.3,1.695
20/10/2021,2.554,68.6,66.1,83.9,999,3,10.9,18.5,5.7,2.196
21/10/2021,20.046,39.5,99.3,74.7,1006.9,5,5.9,12.1,8.6,2.472
22/10/2021,0,48.2,81.3,79.3,1020.8,5,5.2,13,7,2.258
23/10/2021,0,92.2,39.6,75.5,1024.9,2,9.5,13.5,3.2,1.678
24/10/2021,0.031,84.8,77.3,72.3,1018.1,4,12,15,6.5,1.774
25/10/2021,1.772,33.9,69.1,86.4,1015.1,4,9.1,15.7,5.9,1.711
26/10/2021,0.886,79.2,46.5,88.7,1018.1,3,9,16.6,3.9,1.691
27/10/2021,0,88.3,59.5,78.3,1018.2,4,14.3,17,5.1,1.947
28/10/2021,0,68.9,35.7,80.7,1009.1,2,12.1,15.5,3.1,1.878
29/10/2021,3.531,67.3,52,81.2,998.5,2,10.4,15.2,4.4,1.662
30/10/2021,3.263,40.3,58.1,83.6,996.9,4,9.6,14.4,5.2,1.669
31/10/2021,8.592,42.9,52,80.4,993.3,4,8.4,14.8,4.9,1.23
01/11/2021,0.03,25.1,68.3,74.3,994.5,4,5.9,13.4,5.8,1.73
02/11/2021,0.017,12.8,80.7,87.3,998.9,4,3.3,12.4,6.9,1.273
03/11/2021,0.214,51.9,48.7,89.3,1004.4,2,1.9,9.7,4.2,1.169
04/11/2021,0.026,73.4,28.2,77.8,1014.7,1,5.3,10,2.4,0.898
05/11/2021,0,46.2,67.3,82.9,1026.3,4,0.7,9.8,5.8,1.225
06/11/2021,0,83.1,33.1,81.9,1024.8,2,8.5,12.8,2.9,0.811
07/11/2021,0.006,18.7,60.8,72.7,1021.2,3,6.1,12.9,5.2,1.718
08/11/2021,0,54.7,36.8,86.5,1023.6,2,3.7,12.1,3.3,1.505
09/11/2021,0.174,64.6,35.7,84.9,1023.3,2,10.3,15.4,3.2,1.411
10/11/2021,0.587,94.5,18.3,94.3,1022.9,1,9.4,13,1.6,0.546
11/11/2021,0.019,77.1,34,87.2,1022.5,3,9.9,15.4,3.1,0.978
12/11/2021,0.718,77.1,25.3,87.2,1011.7,2,9.5,15.1,2.2,1.004
13/11/2021,0.057,90,21.5,76.7,1015.6,1,10.6,13,1.8,0.985
14/11/2021,0.213,85.3,14.8,83.9,1023.8,1,10.5,13.5,1.3,0.686
15/11/2021,0.006,92,12.1,78.3,1026.8,1,9.7,11.8,1,0.968
16/11/2021,0.01,70.8,30.6,80.7,1022.8,2,5,11.8,2.6,0.925
17/11/2021,0.194,22.2,44.6,86.3,1024.1,3,6,12,3.9,1.331
18/11/2021,0,61.9,31.8,86.7,1028.9,2,5.4,13.5,2.8,0.927
19/11/2021,0,97.1,12.4,86.2,1030.6,1,10.8,12.2,1,0.659
20/11/2021,0,95.2,10.6,83.3,1024,1,9.3,10.8,0.9,0.585
21/11/2021,0,47.1,32.5,76,1019.5,2,4.5,9.5,2.7,1.084
22/11/2021,0,10.3,34.4,80.3,1029.8,2,4.5,9.7,3,1.227
23/11/2021,0.019,21.2,26.6,87.3,1032.2,2,2.3,9.2,2.2,1.094
24/11/2021,0,92.6,12.8,88.2,1022,1,3,7.5,1.1,0.783
25/11/2021,0.008,38.3,32.1,74.8,1016.2,2,3,7.4,2.7,1.09
26/11/2021,0.317,61.1,19.7,78.7,996.2,1,2.5,9.4,1.6,0.649
27/11/2021,4.568,90.6,15.7,82.2,993.7,1,2.9,5.1,1.3,0.34
28/11/2021,0,29.9,28.5,69.2,1006.7,2,0.4,4.4,2.5,1.185
29/11/2021,0.019,53.8,25.3,87.7,1014.4,1,-2.2,3.8,2.1,0.928
30/11/2021,0,87,16.1,84.6,1010.2,1,5.1,11.8,1.3,0.455
01/12/2021,1.984,67.7,21.3,79.3,999,1,3.9,11.1,1.8,0.691
02/12/2021,0.055,28.6,22.5,72.2,1011.6,2,1,5.2,1.8,1.034
03/12/2021,0.473,86.4,18.6,88.7,1004.8,1,2,9.3,1.4,0.109
04/12/2021,2.368,56,21.8,82.5,997.9,1,3.7,8,2,0.823
05/12/2021,4.187,84.2,14.3,85.7,1006.1,1,4.4,7,1.1,0.248
06/12/2021,0.645,53.9,11.1,88.7,1009.9,1,3,6.9,0.9,0.257
07/12/2021,6.321,56,8.7,87.5,997.5,0,1.4,8.1,0.7,0.16
08/12/2021,0.02,52.3,27.5,70.3,991.1,1,5.6,8.2,2.4,0.834
09/12/2021,0.005,64.6,25.4,77.6,999.1,2,3.6,8.3,2,0.745
10/12/2021,6.457,50.3,18.4,77.5,999.1,1,3.3,8.1,1.5,0.86
11/12/2021,1.908,67.4,17.7,88.7,1015.5,1,1.7,10.8,1.4,0.404
12/12/2021,0.598,90.2,16.4,89.6,1019.5,1,10.6,13.3,1.4,0.41
13/12/2021,0.18,90.7,13.8,86.3,1023.3,1,9.7,11.7,1.1,0.448
14/12/2021,0.002,92,16.3,87.8,1026.6,1,9.6,12.8,1.4,0.4
15/12/2021,0,94.8,10.4,79.5,1030.6,0,10.1,13.1,0.9,0.719
16/12/2021,0,99.7,6.6,72.7,1037.9,0,10.8,12,0.5,0.472
17/12/2021,0,97.7,13.4,83.6,1040.4,1,7.4,11.3,1.1,0.354
18/12/2021,0.006,100,9.2,92.6,1039,0,7.5,8.8,0.7,0.459
19/12/2021,0.016,99.7,13.4,96.2,1034.6,1,3.7,7.2,1,0.274
20/12/2021,0.029,97.2,13.3,78.4,1028.8,1,6.2,7.5,1,0.603
21/12/2021,0,83.1,17.1,75,1025.2,1,1,6.4,1.3,0.88
22/12/2021,0.008,41.8,19,81.2,1019.2,1,0.7,5.1,1.6,0.724
23/12/2021,0.023,81.2,11.1,89.9,1008.1,1,4.4,10.8,1.1,0.331
24/12/2021,12.426,83.1,16.8,94.6,1004.2,1,6.3,10.5,1.3,0.221
25/12/2021,4.388,98.3,5.8,93.6,1003.4,0,5.8,8.6,0.5,0.201
26/12/2021,12.899,94.9,11.9,97.5,1000.5,1,5.5,8.9,1,0.146
27/12/2021,2.301,88.6,9.7,95.2,992.1,0,7.9,11.3,0.8,0.093
28/12/2021,1.382,89,14.7,83.8,992.5,1,9.1,11.5,1.2,0.291
29/12/2021,1.544,80.1,15.4,87.9,1004.2,1,7.7,15.1,1.4,0.392
30/12/2021,0.01,94.9,11.1,86,1012.5,1,13.6,14.7,1,0.493
31/12/2021,1.372,88.8,19.7,84.1,1016.7,1,12.8,15,1.7,0.701
01/01/2022,0.318,74.3,23.6,83.2,1017.4,1,13.1,15.9,2.2,0.584
02/01/2022,1.507,67.3,18.4,83.3,1010.5,1,9.8,13.3,1.6,0.749
03/01/2022,0,57.9,17.5,82,1008,1,9,11,1.6,0.362
04/01/2022,4.206,59.2,17.5,83.4,1001.4,1,2,9,1.6,0.353
05/01/2022,0,9.5,23.8,76.9,1013.8,1,0.9,6.4,2,1.01
06/01/2022,1.058,48.6,19.6,87,1016.6,1,-2,7.3,1.8,0.496
07/01/2022,0.521,35.3,18.7,81.2,1010.7,1,1.1,6.3,1.7,0.693
08/01/2022,6.824,69.5,7.6,89.5,1001.6,0,1.2,10,0.7,0.082
09/01/2022,0.025,17.4,25.1,81.7,1003.1,1,2.2,7.7,2.2,0.83
10/01/2022,0.181,71.8,14.3,93.3,1018.5,1,1.6,9,1.3,0.47
11/01/2022,1.481,97.5,12.9,92.9,1029.9,1,8.5,10.5,1.1,0.464
12/01/2022,0.032,16.9,35.2,89.3,1040.6,2,2.3,8.1,3.1,1.118
13/01/2022,0.189,11,26.5,90.4,1041.2,2,1,8.4,2.2,1.146
14/01/2022,0.105,2.6,30.5,89.6,1036.1,2,0,8.9,2.7,1.094
15/01/2022,0.183,53.5,23.5,91.3,1026.5,1,2.1,5.6,1.9,0.601
16/01/2022,0.017,62.2,24.2,89.7,1027.1,2,4.1,9.1,2.2,0.666
17/01/2022,0,0.5,31.5,86.5,1037.7,2,0.8,8.9,2.8,1.163
18/01/2022,0.295,57.3,35.5,94.3,1037.3,1,-1.2,6.8,3,0.991
19/01/2022,0.006,67.4,23.1,80.8,1028,1,4.9,9.2,2,0.782
20/01/2022,0.006,40.1,31.8,70.1,1035.9,2,2,6,2.7,1.266
21/01/2022,0,60.5,20.5,77.6,1039.2,1,-1.3,4.6,1.7,1.185
22/01/2022,0,87,17.1,80.7,1037.5,1,1.7,6.7,1.6,0.956
23/01/2022,0,100,10.5,75.7,1035.3,0,5.6,6.6,0.8,0.886
24/01/2022,0,100,10.6,78.1,1033.6,0,3.5,5.9,1,1.067
25/01/2022,0,100,15,83.9,1034.6,0,2.1,3.5,1.3,1.028
26/01/2022,0,87.2,30.3,76.9,1032.8,1,3,8.1,2.7,1.248
27/01/2022,0,55.5,28.1,79.8,1028.8,2,4.2,12,2.4,0.813
28/01/2022,0.175,54.3,41,86.1,1034.3,2,2,9.8,3.6,0.633
29/01/2022,0.006,72.6,38,75.7,1028.2,3,7.4,13.2,3.3,0.689
30/01/2022,0.016,32.7,57.2,76.4,1029.5,3,1.3,8.2,4.9,1.574
31/01/2022,0.07,46.5,60.6,61.5,1023.1,3,5.4,8.9,5.2,1.594
